transaction_id,transaction_date,customer_segment,items,basket_size
T00001,2026-01-01,Premium,Biscuits|Coffee|Milk,3
T00002,2026-02-02,Value,Cereal|Milk,2
T00003,2026-03-03,Regular,Biscuits|Cereal|Coffee|Milk,4
T00004,2026-04-04,Regular,Bread|Butter|Milk,3
T00005,2026-05-05,Premium,Biscuits|Bread|Coffee|Milk|Yogurt,5
T00006,2026-06-06,Value,Cereal|Coffee|Milk|Yogurt,4
T00007,2026-07-07,Value,Eggs|Milk|Pasta|Tomato Sauce,4
T00008,2026-08-08,Regular,Cheese|Chicken|Coffee|Eggs|Pasta|Tomato Sauce,6
T00009,2026-09-09,Premium,Bread|Cereal|Chips|Coffee|Milk|Yogurt,6
T00010,2026-10-10,Regular,Bread|Butter|Cereal|Coffee|Milk|Pasta,6
T00011,2026-11-11,Value,Biscuits|Coffee|Tomato Sauce,3
T00012,2026-12-12,Premium,Biscuits|Bread|Butter|Eggs|Milk,5
T00013,2026-01-13,Premium,Bread|Butter|Coffee|Juice|Milk|Yogurt,6
T00014,2026-02-14,Value,Biscuits|Coffee|Milk,3
T00015,2026-03-15,Premium,Biscuits|Coffee,2
T00016,2026-04-16,Premium,Biscuits|Cereal|Chicken|Coffee|Eggs|Juice,6
T00017,2026-05-17,Regular,Eggs|Pasta|Tomato Sauce,3
T00018,2026-06-18,Value,Cheese|Juice|Pasta|Tomato Sauce,4
T00019,2026-07-19,Premium,Biscuits|Butter|Cereal|Cheese|Coffee|Juice|Milk,7
T00020,2026-08-20,Regular,Biscuits|Coffee|Milk,3
T00021,2026-09-21,Value,Bread|Butter|Eggs|Milk,4
T00022,2026-10-22,Regular,Milk|Pasta|Tomato Sauce,3
T00023,2026-11-23,Regular,Cheese|Pasta|Tomato Sauce,3
T00024,2026-12-24,Value,Cereal|Milk,2
T00025,2026-01-25,Value,Cheese|Milk|Pasta|Tomato Sauce,4
T00026,2026-02-26,Regular,Biscuits|Bread|Butter|Cheese,4
T00027,2026-03-27,Premium,Bread|Butter|Cereal|Eggs|Milk,5
T00028,2026-04-28,Regular,Cheese|Pasta|Tomato Sauce,3
T00029,2026-05-01,Premium,Bread|Coffee|Milk|Pasta|Tea|Tomato Sauce,6
T00030,2026-06-02,Value,Biscuits|Cheese|Coffee,3
T00031,2026-07-03,Regular,Bread|Butter|Milk,3
T00032,2026-08-04,Regular,Bread|Butter|Coffee|Eggs|Milk,5
T00033,2026-09-05,Value,Biscuits|Chips|Coffee|Milk,4
T00034,2026-10-06,Premium,Chips|Juice|Pasta|Tomato Sauce,4
T00035,2026-11-07,Regular,Cereal|Milk|Pasta,3
T00036,2026-12-08,Premium,Biscuits|Chicken|Coffee|Pasta|Tea,5
T00037,2026-01-09,Premium,Biscuits|Bread|Cereal|Chicken|Chips|Milk,6
T00038,2026-02-10,Regular,Bread|Cereal|Chicken|Milk|Pasta|Tea|Tomato Sauce,7
T00039,2026-03-11,Value,Bread|Butter|Milk|Pasta,4
T00040,2026-04-12,Value,Bread|Butter|Eggs|Milk,4
T00041,2026-05-13,Premium,Cereal|Chicken|Milk|Pasta,4
T00042,2026-06-14,Value,Cereal|Cheese|Milk|Yogurt,4
T00043,2026-07-15,Premium,Biscuits|Chicken|Coffee|Milk,4
T00044,2026-08-16,Value,Biscuits|Cereal|Cheese|Coffee|Eggs|Milk|Yogurt,7
T00045,2026-09-17,Regular,Biscuits|Coffee|Milk,3
T00046,2026-10-18,Regular,Biscuits|Bread|Butter|Cheese,4
T00047,2026-11-19,Premium,Bread|Chicken|Pasta,3
T00048,2026-12-20,Value,Bread|Butter|Milk,3
T00049,2026-01-21,Regular,Cereal|Chicken|Milk|Pasta|Tea|Tomato Sauce,6
T00050,2026-02-22,Premium,Bread|Butter|Chips|Juice|Milk,5
T00051,2026-03-23,Premium,Bread|Butter|Tea,3
T00052,2026-04-24,Premium,Pasta|Tomato Sauce,2
T00053,2026-05-25,Regular,Biscuits|Coffee|Eggs,3
T00054,2026-06-26,Regular,Biscuits|Coffee|Juice|Milk|Yogurt,5
T00055,2026-07-27,Value,Biscuits|Coffee,2
T00056,2026-08-28,Regular,Biscuits|Coffee|Milk,3
T00057,2026-09-01,Value,Cereal|Cheese|Juice|Milk,4
T00058,2026-10-02,Premium,Bread|Butter|Milk,3
T00059,2026-11-03,Value,Bread|Butter|Milk,3
T00060,2026-12-04,Value,Cheese|Pasta|Tomato Sauce,3
T00061,2026-01-05,Regular,Bread|Butter,2
T00062,2026-02-06,Value,Biscuits|Bread|Butter|Chips|Milk,5
T00063,2026-03-07,Premium,Biscuits|Coffee|Tomato Sauce,3
T00064,2026-04-08,Premium,Bread|Butter|Milk,3
T00065,2026-05-09,Regular,Biscuits|Coffee|Milk,3
T00066,2026-06-10,Value,Bread|Butter|Cheese|Eggs|Milk,5
T00067,2026-07-11,Value,Biscuits|Chicken|Coffee|Milk,4
T00068,2026-08-12,Premium,Butter|Cereal|Cheese|Pasta|Tomato Sauce,5
T00069,2026-09-13,Value,Biscuits|Cereal|Coffee,3
T00070,2026-10-14,Premium,Bread|Butter|Coffee|Pasta,4
T00071,2026-11-15,Value,Chicken|Pasta|Tomato Sauce|Yogurt,4
T00072,2026-12-16,Value,Bread|Butter|Milk|Tomato Sauce,4
T00073,2026-01-17,Regular,Bread|Butter|Cereal|Chips|Milk,5
T00074,2026-02-18,Value,Bread|Cheese|Milk|Pasta|Tomato Sauce,5
T00075,2026-03-19,Premium,Cheese|Milk|Pasta|Tea|Tomato Sauce,5
T00076,2026-04-20,Regular,Biscuits|Bread|Coffee|Eggs|Juice|Milk,6
T00077,2026-05-21,Premium,Cheese|Pasta|Tomato Sauce,3
T00078,2026-06-22,Premium,Biscuits|Butter|Coffee|Juice|Milk|Tea,6
T00079,2026-07-23,Premium,Biscuits|Coffee|Milk,3
T00080,2026-08-24,Regular,Bread|Butter|Chicken|Milk,4
T00081,2026-09-25,Regular,Bread|Butter|Eggs|Milk,4
T00082,2026-10-26,Value,Bread|Butter|Chicken,3
T00083,2026-11-27,Value,Bread|Butter,2
T00084,2026-12-28,Regular,Cheese|Pasta|Tomato Sauce,3
T00085,2026-01-01,Regular,Bread|Butter|Chips,3
T00086,2026-02-02,Premium,Cheese|Eggs|Milk|Pasta|Tomato Sauce,5
T00087,2026-03-03,Premium,Chicken|Pasta,2
T00088,2026-04-04,Value,Biscuits|Coffee,2
T00089,2026-05-05,Value,Biscuits|Cereal|Coffee|Milk,4
T00090,2026-06-06,Regular,Cheese|Pasta|Tomato Sauce,3
T00091,2026-07-07,Premium,Cereal|Milk|Yogurt,3
T00092,2026-08-08,Regular,Biscuits|Bread|Chicken|Coffee|Pasta|Tomato Sauce,6
T00093,2026-09-09,Premium,Biscuits|Chicken|Coffee|Milk,4
T00094,2026-10-10,Value,Biscuits|Coffee|Milk,3
T00095,2026-11-11,Regular,Biscuits|Bread|Coffee|Milk,4
T00096,2026-12-12,Value,Biscuits|Butter|Coffee|Juice|Milk|Pasta|Tomato Sauce,7
T00097,2026-01-13,Value,Coffee|Pasta|Tomato Sauce,3
T00098,2026-02-14,Value,Biscuits|Butter|Coffee|Eggs|Milk,5
T00099,2026-03-15,Value,Bread|Cheese|Chicken|Pasta,4
T00100,2026-04-16,Regular,Biscuits|Chicken|Chips|Coffee|Juice|Milk|Tomato Sauce,7
T00101,2026-05-17,Value,Bread|Butter|Milk,3
T00102,2026-06-18,Premium,Biscuits|Coffee|Milk,3
T00103,2026-07-19,Value,Bread|Butter|Coffee|Milk,4
T00104,2026-08-20,Regular,Biscuits|Coffee|Milk,3
T00105,2026-09-21,Regular,Chicken|Coffee|Pasta|Tomato Sauce,4
T00106,2026-10-22,Premium,Cheese|Pasta|Tomato Sauce,3
T00107,2026-11-23,Premium,Biscuits|Bread|Coffee,3
T00108,2026-12-24,Regular,Bread|Butter|Milk|Pasta|Tea,5
T00109,2026-01-25,Regular,Biscuits|Coffee|Milk|Tomato Sauce,4
T00110,2026-02-26,Value,Chicken|Milk|Pasta,3
T00111,2026-03-27,Premium,Bread|Butter|Milk,3
T00112,2026-04-28,Premium,Cereal|Chips|Milk|Yogurt,4
T00113,2026-05-01,Value,Chicken|Eggs|Pasta|Tomato Sauce,4
T00114,2026-06-02,Regular,Biscuits|Butter|Coffee|Eggs|Milk,5
T00115,2026-07-03,Premium,Biscuits|Cheese|Coffee|Milk,4
T00116,2026-08-04,Premium,Cereal|Coffee|Milk,3
T00117,2026-09-05,Regular,Bread|Butter|Chicken|Yogurt,4
T00118,2026-10-06,Value,Chicken|Pasta|Tomato Sauce,3
T00119,2026-11-07,Value,Cereal|Eggs|Milk|Pasta,4
T00120,2026-12-08,Regular,Biscuits|Coffee|Juice|Milk|Tomato Sauce,5
T00121,2026-01-09,Value,Cereal|Cheese|Coffee|Milk|Yogurt,5
T00122,2026-02-10,Regular,Biscuits|Coffee|Milk|Yogurt,4
T00123,2026-03-11,Value,Cereal|Cheese|Chicken|Juice|Pasta|Tomato Sauce,6
T00124,2026-04-12,Value,Cereal|Eggs|Milk|Yogurt,4
T00125,2026-05-13,Premium,Bread|Butter|Milk,3
T00126,2026-06-14,Value,Bread|Butter|Milk|Tomato Sauce,4
T00127,2026-07-15,Regular,Cheese|Pasta|Tea|Tomato Sauce,4
T00128,2026-08-16,Regular,Cheese|Chicken|Milk|Pasta|Tomato Sauce|Yogurt,6
T00129,2026-09-17,Regular,Biscuits|Coffee|Eggs|Milk|Tea,5
T00130,2026-10-18,Regular,Butter|Cheese|Chips|Pasta|Tomato Sauce,5
T00131,2026-11-19,Regular,Chicken|Milk|Pasta|Tea|Tomato Sauce,5
T00132,2026-12-20,Premium,Biscuits|Bread|Butter|Milk,4
T00133,2026-01-21,Value,Bread|Butter|Cereal|Milk,4
T00134,2026-02-22,Regular,Cheese|Pasta|Tomato Sauce,3
T00135,2026-03-23,Regular,Bread|Butter|Milk,3
T00136,2026-04-24,Regular,Biscuits|Coffee,2
T00137,2026-05-25,Regular,Cheese|Milk|Pasta|Tomato Sauce,4
T00138,2026-06-26,Regular,Bread|Butter|Eggs,3
T00139,2026-07-27,Premium,Chicken|Eggs|Pasta,3
T00140,2026-08-28,Premium,Chicken|Milk|Pasta,3
T00141,2026-09-01,Regular,Chicken|Pasta|Tomato Sauce,3
T00142,2026-10-02,Premium,Bread|Butter|Yogurt,3
T00143,2026-11-03,Premium,Biscuits|Cheese|Pasta|Tomato Sauce,4
T00144,2026-12-04,Value,Chicken|Pasta,2
T00145,2026-01-05,Value,Cereal|Milk|Tea,3
T00146,2026-02-06,Value,Bread|Butter|Chicken|Eggs|Milk,5
T00147,2026-03-07,Premium,Bread|Butter|Milk,3
T00148,2026-04-08,Value,Biscuits|Cereal|Juice|Milk|Yogurt,5
T00149,2026-05-09,Regular,Biscuits|Coffee,2
T00150,2026-06-10,Value,Pasta|Tomato Sauce,2
T00151,2026-07-11,Regular,Biscuits|Coffee|Eggs,3
T00152,2026-08-12,Value,Bread|Butter|Cereal|Milk|Yogurt,5
T00153,2026-09-13,Premium,Biscuits|Coffee|Juice|Milk,4
T00154,2026-10-14,Regular,Biscuits|Coffee,2
T00155,2026-11-15,Premium,Bread|Butter|Eggs|Milk,4
T00156,2026-12-16,Regular,Biscuits|Coffee|Milk|Tea,4
T00157,2026-01-17,Value,Cereal|Coffee|Milk|Yogurt,4
T00158,2026-02-18,Value,Bread|Butter|Chicken|Milk,4
T00159,2026-03-19,Premium,Bread|Cereal|Milk,3
T00160,2026-04-20,Premium,Bread|Cereal|Chicken|Pasta|Tomato Sauce,5
T00161,2026-05-21,Regular,Cereal|Coffee|Milk|Yogurt,4
T00162,2026-06-22,Value,Bread|Butter|Cheese|Juice|Milk,5
T00163,2026-07-23,Regular,Cereal|Milk|Yogurt,3
T00164,2026-08-24,Regular,Bread|Butter,2
T00165,2026-09-25,Premium,Cereal|Milk|Yogurt,3
T00166,2026-10-26,Value,Bread|Butter|Eggs|Milk|Tea,5
T00167,2026-11-27,Premium,Biscuits|Coffee|Milk|Yogurt,4
T00168,2026-12-28,Regular,Bread|Butter|Chips|Eggs|Milk,5
T00169,2026-01-01,Premium,Bread|Butter|Chicken,3
T00170,2026-02-02,Regular,Biscuits|Cheese|Eggs|Pasta|Tomato Sauce,5
T00171,2026-03-03,Regular,Biscuits|Coffee|Eggs|Juice,4
T00172,2026-04-04,Value,Bread|Butter|Cereal|Milk,4
T00173,2026-05-05,Regular,Biscuits|Coffee|Juice|Milk,4
T00174,2026-06-06,Value,Biscuits|Coffee|Tomato Sauce,3
T00175,2026-07-07,Premium,Chicken|Pasta|Tea,3
T00176,2026-08-08,Premium,Biscuits|Coffee|Milk,3
T00177,2026-09-09,Regular,Biscuits|Cereal|Coffee,3
T00178,2026-10-10,Regular,Biscuits|Bread|Coffee|Pasta,4
T00179,2026-11-11,Regular,Biscuits|Coffee|Pasta,3
T00180,2026-12-12,Regular,Biscuits|Bread|Cheese|Pasta|Tomato Sauce,5
T00181,2026-01-13,Premium,Chips|Pasta|Tomato Sauce,3
T00182,2026-02-14,Premium,Biscuits|Coffee|Milk,3
T00183,2026-03-15,Premium,Cheese|Pasta|Tomato Sauce,3
T00184,2026-04-16,Regular,Chicken|Chips|Pasta,3
T00185,2026-05-17,Premium,Bread|Butter|Milk,3
T00186,2026-06-18,Premium,Biscuits|Cereal|Pasta|Tomato Sauce,4
T00187,2026-07-19,Value,Pasta|Tomato Sauce,2
T00188,2026-08-20,Regular,Biscuits|Coffee|Milk,3
T00189,2026-09-21,Premium,Cereal|Milk|Tomato Sauce,3
T00190,2026-10-22,Value,Chicken|Pasta|Tomato Sauce,3
T00191,2026-11-23,Premium,Biscuits|Bread|Butter|Milk,4
T00192,2026-12-24,Regular,Bread|Butter|Milk,3
T00193,2026-01-25,Premium,Bread|Cereal|Cheese|Chips|Milk|Yogurt,6
T00194,2026-02-26,Regular,Biscuits|Chicken|Coffee|Eggs|Milk,5
T00195,2026-03-27,Value,Cheese|Pasta|Tomato Sauce,3
T00196,2026-04-28,Premium,Bread|Butter|Cheese|Chicken|Milk|Yogurt,6
T00197,2026-05-01,Premium,Bread|Butter|Milk,3
T00198,2026-06-02,Value,Bread|Butter|Coffee|Eggs|Milk,5
T00199,2026-07-03,Value,Biscuits|Coffee,2
T00200,2026-08-04,Value,Biscuits|Bread|Pasta|Tomato Sauce,4
T00201,2026-09-05,Value,Biscuits|Chips|Coffee|Juice|Milk,5
T00202,2026-10-06,Regular,Biscuits|Chips|Coffee,3
T00203,2026-11-07,Value,Bread|Cheese|Chicken|Coffee|Milk|Pasta|Tomato Sauce,7
T00204,2026-12-08,Value,Cereal|Milk|Yogurt,3
T00205,2026-01-09,Regular,Cheese|Pasta|Tomato Sauce|Yogurt,4
T00206,2026-02-10,Regular,Bread|Butter|Milk|Pasta,4
T00207,2026-03-11,Value,Butter|Cheese|Pasta|Tomato Sauce,4
T00208,2026-04-12,Premium,Biscuits|Bread|Coffee|Milk,4
T00209,2026-05-13,Value,Biscuits|Coffee|Eggs,3
T00210,2026-06-14,Regular,Cheese|Milk|Pasta|Tomato Sauce|Yogurt,5
T00211,2026-07-15,Regular,Bread|Butter|Cheese|Eggs|Milk,5
T00212,2026-08-16,Regular,Chicken|Pasta|Tomato Sauce,3
T00213,2026-09-17,Regular,Cheese|Coffee|Pasta|Tomato Sauce,4
T00214,2026-10-18,Value,Eggs|Pasta|Tomato Sauce,3
T00215,2026-11-19,Premium,Biscuits|Chips|Coffee|Eggs|Milk|Tea,6
T00216,2026-12-20,Regular,Bread|Butter|Chicken|Milk,4
T00217,2026-01-21,Premium,Biscuits|Coffee|Milk,3
T00218,2026-02-22,Regular,Bread|Butter|Juice|Tea,4
T00219,2026-03-23,Premium,Cereal|Milk|Yogurt,3
T00220,2026-04-24,Regular,Bread|Butter|Milk|Tomato Sauce,4
T00221,2026-05-25,Premium,Bread|Butter,2
T00222,2026-06-26,Value,Milk|Pasta|Tomato Sauce|Yogurt,4
T00223,2026-07-27,Premium,Biscuits|Cereal|Chips|Coffee|Milk|Tea,6
T00224,2026-08-28,Premium,Cereal|Cheese|Milk|Tea,4
T00225,2026-09-01,Regular,Biscuits|Bread|Coffee,3
T00226,2026-10-02,Premium,Biscuits|Coffee|Milk,3
T00227,2026-11-03,Regular,Biscuits|Chips|Coffee|Milk,4
T00228,2026-12-04,Regular,Biscuits|Butter|Coffee,3
T00229,2026-01-05,Premium,Biscuits|Bread|Butter|Juice,4
T00230,2026-02-06,Premium,Bread|Butter|Cereal|Coffee|Pasta,5
T00231,2026-03-07,Regular,Cereal|Chicken|Pasta|Yogurt,4
T00232,2026-04-08,Regular,Cereal|Milk,2
T00233,2026-05-09,Premium,Biscuits|Bread|Coffee|Tomato Sauce,4
T00234,2026-06-10,Regular,Biscuits|Cheese|Coffee|Milk,4
T00235,2026-07-11,Regular,Bread|Juice|Pasta|Tomato Sauce,4
T00236,2026-08-12,Value,Bread|Pasta|Tomato Sauce,3
T00237,2026-09-13,Premium,Cereal|Milk,2
T00238,2026-10-14,Regular,Bread|Butter,2
T00239,2026-11-15,Premium,Cereal|Chicken|Coffee|Eggs|Milk|Tea|Yogurt,7
T00240,2026-12-16,Value,Chicken|Milk|Pasta|Tea|Tomato Sauce,5
T00241,2026-01-17,Premium,Biscuits|Cheese|Coffee|Milk,4
T00242,2026-02-18,Value,Biscuits|Coffee|Eggs|Milk|Tea,5
T00243,2026-03-19,Value,Bread|Butter|Eggs|Milk,4
T00244,2026-04-20,Premium,Bread|Butter|Eggs|Milk,4
T00245,2026-05-21,Value,Bread|Chicken|Milk|Pasta,4
T00246,2026-06-22,Regular,Bread|Butter|Chicken|Juice|Milk,5
T00247,2026-07-23,Premium,Biscuits|Coffee|Tea,3
T00248,2026-08-24,Value,Cereal|Coffee|Milk|Yogurt,4
T00249,2026-09-25,Value,Biscuits|Bread|Butter|Milk|Pasta,5
T00250,2026-10-26,Value,Biscuits|Chips|Coffee|Milk|Tomato Sauce,5
T00251,2026-11-27,Premium,Biscuits|Bread|Butter|Chips,4
T00252,2026-12-28,Regular,Butter|Chicken|Coffee|Pasta|Yogurt,5
T00253,2026-01-01,Value,Bread|Butter|Eggs|Milk,4
T00254,2026-02-02,Regular,Cheese|Pasta|Tomato Sauce,3
T00255,2026-03-03,Regular,Biscuits|Coffee|Juice|Milk,4
T00256,2026-04-04,Premium,Cheese|Pasta|Tomato Sauce,3
T00257,2026-05-05,Regular,Biscuits|Bread|Coffee,3
T00258,2026-06-06,Regular,Bread|Butter,2
T00259,2026-07-07,Premium,Bread|Butter|Cereal|Eggs,4
T00260,2026-08-08,Regular,Chicken|Eggs|Pasta|Tomato Sauce,4
T00261,2026-09-09,Value,Biscuits|Coffee|Milk,3
T00262,2026-10-10,Value,Chicken|Milk|Pasta,3
T00263,2026-11-11,Premium,Cereal|Milk,2
T00264,2026-12-12,Premium,Biscuits|Coffee,2
T00265,2026-01-13,Premium,Biscuits|Coffee|Milk,3
T00266,2026-02-14,Regular,Bread|Butter|Tomato Sauce,3
T00267,2026-03-15,Value,Biscuits|Butter|Coffee,3
T00268,2026-04-16,Value,Cheese|Coffee|Pasta|Tomato Sauce,4
T00269,2026-05-17,Value,Biscuits|Chips|Coffee|Juice|Milk,5
T00270,2026-06-18,Regular,Chicken|Coffee|Milk|Pasta,4
T00271,2026-07-19,Premium,Bread|Butter|Milk,3
T00272,2026-08-20,Regular,Biscuits|Bread|Butter|Coffee|Eggs|Milk,6
T00273,2026-09-21,Regular,Bread|Butter|Coffee|Tomato Sauce,4
T00274,2026-10-22,Premium,Chicken|Pasta|Tomato Sauce,3
T00275,2026-11-23,Regular,Cereal|Chicken|Coffee|Milk|Tea|Yogurt,6
T00276,2026-12-24,Premium,Bread|Cheese|Pasta|Tomato Sauce,4
T00277,2026-01-25,Premium,Bread|Butter|Milk|Tomato Sauce,4
T00278,2026-02-26,Value,Bread|Butter|Milk|Pasta|Yogurt,5
T00279,2026-03-27,Premium,Bread|Butter|Tomato Sauce,3
T00280,2026-04-28,Regular,Biscuits|Chicken|Coffee,3
T00281,2026-05-01,Premium,Pasta|Tomato Sauce|Yogurt,3
T00282,2026-06-02,Premium,Cereal|Milk|Pasta|Tea|Yogurt,5
T00283,2026-07-03,Value,Biscuits|Bread|Butter|Juice|Tea,5
T00284,2026-08-04,Value,Bread|Butter|Eggs|Tea,4
T00285,2026-09-05,Premium,Bread|Butter,2
T00286,2026-10-06,Premium,Biscuits|Chicken|Coffee|Milk,4
T00287,2026-11-07,Premium,Biscuits|Coffee|Milk,3
T00288,2026-12-08,Value,Biscuits|Chips|Coffee|Eggs|Juice|Tea,6
T00289,2026-01-09,Regular,Cheese|Pasta|Tomato Sauce,3
T00290,2026-02-10,Regular,Biscuits|Butter|Cereal|Eggs|Milk,5
T00291,2026-03-11,Value,Chips|Pasta|Tomato Sauce,3
T00292,2026-04-12,Premium,Pasta|Tomato Sauce,2
T00293,2026-05-13,Regular,Biscuits|Coffee|Milk|Tea,4
T00294,2026-06-14,Premium,Cereal|Milk,2
T00295,2026-07-15,Regular,Cereal|Coffee|Milk|Yogurt,4
T00296,2026-08-16,Value,Bread|Butter|Coffee|Milk,4
T00297,2026-09-17,Premium,Bread|Cereal|Eggs|Milk|Pasta|Yogurt,6
T00298,2026-10-18,Regular,Biscuits|Coffee,2
T00299,2026-11-19,Regular,Biscuits|Cereal|Coffee|Milk,4
T00300,2026-12-20,Premium,Bread|Butter|Milk|Pasta,4
T00301,2026-01-21,Premium,Cheese|Pasta|Tomato Sauce,3
T00302,2026-02-22,Premium,Bread|Butter|Cheese|Milk|Tea,5
T00303,2026-03-23,Premium,Chicken|Pasta|Tea|Tomato Sauce,4
T00304,2026-04-24,Premium,Biscuits|Cereal|Coffee|Milk,4
T00305,2026-05-25,Value,Biscuits|Cheese|Coffee|Milk,4
T00306,2026-06-26,Regular,Bread|Cheese|Eggs|Pasta|Tomato Sauce,5
T00307,2026-07-27,Regular,Biscuits|Chips|Coffee|Milk,4
T00308,2026-08-28,Premium,Bread|Butter|Eggs|Milk|Pasta,5
T00309,2026-09-01,Value,Bread|Butter|Pasta|Tea,4
T00310,2026-10-02,Value,Cereal|Milk,2
T00311,2026-11-03,Premium,Bread|Cereal|Milk,3
T00312,2026-12-04,Regular,Bread|Butter|Coffee|Juice|Milk|Tea,6
T00313,2026-01-05,Value,Pasta|Tomato Sauce|Yogurt,3
T00314,2026-02-06,Premium,Bread|Butter|Milk|Yogurt,4
T00315,2026-03-07,Regular,Cheese|Pasta|Tomato Sauce,3
T00316,2026-04-08,Regular,Cereal|Eggs|Milk,3
T00317,2026-05-09,Premium,Cereal|Eggs|Milk,3
T00318,2026-06-10,Value,Bread|Butter|Chicken|Chips,4
T00319,2026-07-11,Premium,Butter|Cereal|Cheese|Milk|Pasta,5
T00320,2026-08-12,Regular,Bread|Butter,2
T00321,2026-09-13,Value,Biscuits|Chicken|Eggs|Pasta,4
T00322,2026-10-14,Regular,Cheese|Milk|Pasta|Tomato Sauce,4
T00323,2026-11-15,Premium,Pasta|Tea|Tomato Sauce,3
T00324,2026-12-16,Regular,Biscuits|Coffee|Tea,3
T00325,2026-01-17,Regular,Bread|Cereal|Milk,3
T00326,2026-02-18,Value,Bread|Butter|Eggs|Milk,4
T00327,2026-03-19,Value,Cereal|Milk,2
T00328,2026-04-20,Regular,Bread|Butter,2
T00329,2026-05-21,Premium,Cereal|Eggs|Milk,3
T00330,2026-06-22,Value,Bread|Butter|Cheese|Milk,4
T00331,2026-07-23,Regular,Bread|Butter,2
T00332,2026-08-24,Value,Cereal|Milk|Yogurt,3
T00333,2026-09-25,Value,Cereal|Milk|Yogurt,3
T00334,2026-10-26,Regular,Bread|Butter|Chicken|Coffee|Juice|Milk,6
T00335,2026-11-27,Premium,Chicken|Juice|Pasta|Yogurt,4
T00336,2026-12-28,Premium,Chicken|Pasta,2
T00337,2026-01-01,Premium,Bread|Butter|Milk,3
T00338,2026-02-02,Value,Bread|Cereal|Milk|Yogurt,4
T00339,2026-03-03,Value,Pasta|Tomato Sauce,2
T00340,2026-04-04,Value,Bread|Butter|Eggs|Milk,4
T00341,2026-05-05,Value,Chicken|Milk|Pasta|Tomato Sauce,4
T00342,2026-06-06,Regular,Biscuits|Chicken|Coffee|Milk,4
T00343,2026-07-07,Value,Bread|Butter|Cheese|Chips|Milk|Pasta,6
T00344,2026-08-08,Premium,Cheese|Pasta|Tomato Sauce,3
T00345,2026-09-09,Regular,Cheese|Eggs|Pasta|Tomato Sauce,4
T00346,2026-10-10,Value,Chicken|Pasta|Tomato Sauce,3
T00347,2026-11-11,Value,Biscuits|Bread|Chicken|Coffee|Eggs|Milk,6
T00348,2026-12-12,Value,Bread|Butter|Yogurt,3
T00349,2026-01-13,Regular,Biscuits|Bread|Butter|Milk,4
T00350,2026-02-14,Regular,Bread|Cheese|Juice|Pasta|Tomato Sauce,5
T00351,2026-03-15,Value,Cheese|Juice|Pasta|Tomato Sauce,4
T00352,2026-04-16,Regular,Biscuits|Coffee|Juice|Milk,4
T00353,2026-05-17,Value,Pasta|Tomato Sauce,2
T00354,2026-06-18,Value,Cereal|Milk|Yogurt,3
T00355,2026-07-19,Premium,Bread|Butter|Milk,3
T00356,2026-08-20,Premium,Bread|Butter|Coffee|Juice|Milk|Tea,6
T00357,2026-09-21,Regular,Biscuits|Cereal|Coffee|Juice|Tea,5
T00358,2026-10-22,Regular,Pasta|Tomato Sauce,2
T00359,2026-11-23,Value,Bread|Butter|Milk,3
T00360,2026-12-24,Regular,Bread|Eggs|Pasta|Tea|Tomato Sauce,5
T00361,2026-01-25,Value,Bread|Butter,2
T00362,2026-02-26,Value,Bread|Butter|Milk,3
T00363,2026-03-27,Premium,Cereal|Cheese|Milk|Tea,4
T00364,2026-04-28,Value,Biscuits|Cheese|Pasta|Tomato Sauce,4
T00365,2026-05-01,Premium,Cheese|Pasta|Tomato Sauce,3
T00366,2026-06-02,Regular,Biscuits|Bread|Chicken|Coffee|Milk,5
T00367,2026-07-03,Value,Bread|Chicken|Pasta|Tea|Tomato Sauce,5
T00368,2026-08-04,Value,Biscuits|Coffee|Milk|Yogurt,4
T00369,2026-09-05,Premium,Bread|Juice|Pasta|Tomato Sauce,4
T00370,2026-10-06,Premium,Bread|Butter|Cereal|Eggs,4
T00371,2026-11-07,Premium,Biscuits|Bread|Chicken|Coffee|Milk,5
T00372,2026-12-08,Regular,Biscuits|Bread|Coffee|Milk,4
T00373,2026-01-09,Value,Bread|Butter|Milk,3
T00374,2026-02-10,Premium,Cereal|Milk,2
T00375,2026-03-11,Value,Bread|Butter|Milk,3
T00376,2026-04-12,Premium,Bread|Butter|Chips|Coffee|Milk|Yogurt,6
T00377,2026-05-13,Value,Bread|Butter|Milk|Pasta,4
T00378,2026-06-14,Premium,Biscuits|Cereal|Milk,3
T00379,2026-07-15,Value,Eggs|Pasta|Tea|Tomato Sauce,4
T00380,2026-08-16,Value,Butter|Pasta|Tomato Sauce|Yogurt,4
T00381,2026-09-17,Premium,Bread|Butter|Coffee|Milk|Tea,5
T00382,2026-10-18,Premium,Biscuits|Butter|Coffee|Milk|Pasta,5
T00383,2026-11-19,Value,Bread|Butter|Chips,3
T00384,2026-12-20,Regular,Bread|Butter|Milk,3
T00385,2026-01-21,Value,Bread|Cheese|Chips|Pasta|Tea|Tomato Sauce,6
T00386,2026-02-22,Regular,Juice|Pasta|Tomato Sauce,3
T00387,2026-03-23,Value,Cereal|Coffee|Eggs|Milk|Yogurt,5
T00388,2026-04-24,Premium,Butter|Cereal|Chips|Milk|Yogurt,5
T00389,2026-05-25,Regular,Bread|Butter|Chicken|Pasta|Tomato Sauce,5
T00390,2026-06-26,Value,Biscuits|Bread|Coffee|Milk,4
T00391,2026-07-27,Premium,Cereal|Milk,2
T00392,2026-08-28,Regular,Bread|Butter|Eggs|Milk,4
T00393,2026-09-01,Value,Butter|Cereal|Chicken|Milk,4
T00394,2026-10-02,Premium,Bread|Butter|Coffee|Eggs|Milk,5
T00395,2026-11-03,Value,Bread|Butter|Milk,3
T00396,2026-12-04,Premium,Biscuits|Bread|Coffee|Milk|Pasta,5
T00397,2026-01-05,Regular,Biscuits|Chips|Coffee,3
T00398,2026-02-06,Premium,Biscuits|Cereal|Cheese|Chicken|Pasta|Tomato Sauce,6
T00399,2026-03-07,Value,Bread|Chicken|Chips|Milk|Pasta,5
T00400,2026-04-08,Value,Biscuits|Cereal|Chips|Eggs|Milk|Tomato Sauce|Yogurt,7
T00401,2026-05-09,Premium,Chicken|Chips|Pasta|Tomato Sauce,4
T00402,2026-06-10,Premium,Bread|Butter|Coffee|Milk,4
T00403,2026-07-11,Value,Biscuits|Coffee|Milk,3
T00404,2026-08-12,Regular,Biscuits|Coffee|Milk,3
T00405,2026-09-13,Premium,Pasta|Tomato Sauce,2
T00406,2026-10-14,Premium,Bread|Milk|Pasta|Tomato Sauce,4
T00407,2026-11-15,Regular,Biscuits|Coffee|Juice|Milk,4
T00408,2026-12-16,Value,Bread|Butter|Cheese|Milk,4
T00409,2026-01-17,Premium,Biscuits|Coffee|Milk,3
T00410,2026-02-18,Premium,Cheese|Coffee|Pasta|Tomato Sauce,4
T00411,2026-03-19,Regular,Biscuits|Coffee|Milk,3
T00412,2026-04-20,Value,Biscuits|Butter|Chips|Coffee|Milk,5
T00413,2026-05-21,Value,Pasta|Tomato Sauce,2
T00414,2026-06-22,Premium,Bread|Chicken|Pasta|Tomato Sauce,4
T00415,2026-07-23,Regular,Bread|Butter,2
T00416,2026-08-24,Value,Biscuits|Chicken|Pasta|Tomato Sauce,4
T00417,2026-09-25,Premium,Bread|Butter|Juice|Milk,4
T00418,2026-10-26,Premium,Biscuits|Chicken|Coffee|Juice|Milk,5
T00419,2026-11-27,Value,Bread|Butter|Cereal|Chips|Milk,5
T00420,2026-12-28,Value,Bread|Milk|Pasta|Tomato Sauce,4
T00421,2026-01-01,Regular,Chicken|Pasta|Tea,3
T00422,2026-02-02,Premium,Bread|Butter|Milk|Pasta,4
T00423,2026-03-03,Value,Bread|Butter|Milk,3
T00424,2026-04-04,Premium,Bread|Cheese|Coffee|Pasta|Tomato Sauce,5
T00425,2026-05-05,Premium,Biscuits|Cheese|Eggs|Pasta|Tomato Sauce,5
T00426,2026-06-06,Premium,Cheese|Eggs|Pasta|Tomato Sauce|Yogurt,5
T00427,2026-07-07,Value,Bread|Butter|Cheese|Milk,4
T00428,2026-08-08,Regular,Biscuits|Cheese|Coffee,3
T00429,2026-09-09,Premium,Pasta|Tomato Sauce,2
T00430,2026-10-10,Premium,Cheese|Pasta|Tomato Sauce,3
T00431,2026-11-11,Value,Biscuits|Chicken|Pasta|Tea,4
T00432,2026-12-12,Value,Biscuits|Bread|Cheese|Coffee|Eggs,5
T00433,2026-01-13,Regular,Cheese|Coffee|Pasta|Tomato Sauce,4
T00434,2026-02-14,Premium,Bread|Butter|Eggs|Milk|Tea,5
T00435,2026-03-15,Regular,Biscuits|Coffee|Milk,3
T00436,2026-04-16,Regular,Biscuits|Coffee|Milk|Tea,4
T00437,2026-05-17,Premium,Cereal|Chicken|Coffee|Milk|Yogurt,5
T00438,2026-06-18,Regular,Cheese|Pasta|Tomato Sauce,3
T00439,2026-07-19,Regular,Biscuits|Cheese|Eggs|Juice|Pasta|Tomato Sauce,6
T00440,2026-08-20,Regular,Pasta|Tomato Sauce,2
T00441,2026-09-21,Regular,Chicken|Pasta,2
T00442,2026-10-22,Regular,Bread|Butter,2
T00443,2026-11-23,Value,Biscuits|Coffee|Juice|Milk,4
T00444,2026-12-24,Regular,Biscuits|Coffee|Milk,3
T00445,2026-01-25,Premium,Bread|Butter|Cheese,3
T00446,2026-02-26,Premium,Bread|Butter|Milk|Pasta,4
T00447,2026-03-27,Premium,Biscuits|Bread|Chips|Coffee|Milk,5
T00448,2026-04-28,Premium,Chicken|Chips|Milk|Pasta|Tomato Sauce,5
T00449,2026-05-01,Premium,Milk|Pasta|Tomato Sauce,3
T00450,2026-06-02,Value,Biscuits|Bread|Coffee|Milk,4
T00451,2026-07-03,Value,Bread|Butter,2
T00452,2026-08-04,Regular,Biscuits|Coffee|Milk,3
T00453,2026-09-05,Value,Chicken|Pasta,2
T00454,2026-10-06,Regular,Biscuits|Coffee,2
T00455,2026-11-07,Premium,Cheese|Chicken|Eggs|Milk|Pasta|Tea|Tomato Sauce,7
T00456,2026-12-08,Premium,Cereal|Cheese|Pasta|Tomato Sauce,4
T00457,2026-01-09,Regular,Bread|Cheese|Chips|Eggs|Pasta|Tomato Sauce,6
T00458,2026-02-10,Regular,Chicken|Pasta|Tea,3
T00459,2026-03-11,Premium,Chicken|Pasta|Tea|Tomato Sauce,4
T00460,2026-04-12,Regular,Biscuits|Coffee|Milk,3
T00461,2026-05-13,Value,Biscuits|Coffee,2
T00462,2026-06-14,Regular,Cheese|Coffee|Pasta|Tomato Sauce,4
T00463,2026-07-15,Value,Biscuits|Chicken|Coffee|Eggs,4
T00464,2026-08-16,Regular,Cheese|Pasta|Tomato Sauce,3
T00465,2026-09-17,Regular,Cereal|Cheese|Milk|Yogurt,4
T00466,2026-10-18,Regular,Bread|Butter|Coffee|Milk,4
T00467,2026-11-19,Value,Milk|Pasta|Tomato Sauce,3
T00468,2026-12-20,Regular,Butter|Milk|Pasta|Tomato Sauce|Yogurt,5
T00469,2026-01-21,Value,Biscuits|Coffee|Milk,3
T00470,2026-02-22,Regular,Cereal|Cheese|Milk|Yogurt,4
T00471,2026-03-23,Regular,Cereal|Pasta|Tomato Sauce,3
T00472,2026-04-24,Regular,Cheese|Milk|Pasta|Tomato Sauce,4
T00473,2026-05-25,Premium,Cereal|Milk|Yogurt,3
T00474,2026-06-26,Value,Juice|Pasta|Tomato Sauce,3
T00475,2026-07-27,Regular,Bread|Butter|Chips|Milk,4
T00476,2026-08-28,Value,Cereal|Milk|Yogurt,3
T00477,2026-09-01,Value,Bread|Butter|Milk,3
T00478,2026-10-02,Premium,Biscuits|Chicken|Pasta|Tomato Sauce,4
T00479,2026-11-03,Value,Cereal|Milk|Yogurt,3
T00480,2026-12-04,Regular,Bread|Butter|Coffee|Eggs|Milk,5
T00481,2026-01-05,Regular,Biscuits|Coffee|Milk,3
T00482,2026-02-06,Regular,Bread|Butter|Milk|Tea,4
T00483,2026-03-07,Regular,Bread|Cheese|Chicken|Pasta|Tomato Sauce,5
T00484,2026-04-08,Regular,Bread|Butter|Coffee|Milk,4
T00485,2026-05-09,Value,Biscuits|Chicken|Coffee|Eggs|Juice|Milk,6
T00486,2026-06-10,Regular,Cereal|Milk|Tomato Sauce,3
T00487,2026-07-11,Value,Biscuits|Coffee|Tea,3
T00488,2026-08-12,Premium,Biscuits|Coffee,2
T00489,2026-09-13,Premium,Cheese|Pasta|Tomato Sauce,3
T00490,2026-10-14,Premium,Chicken|Coffee|Pasta|Tomato Sauce,4
T00491,2026-11-15,Value,Bread|Chicken|Pasta|Tomato Sauce,4
T00492,2026-12-16,Regular,Cereal|Milk|Yogurt,3
T00493,2026-01-17,Premium,Cereal|Eggs|Milk|Yogurt,4
T00494,2026-02-18,Value,Cereal|Milk,2
T00495,2026-03-19,Premium,Biscuits|Pasta|Tomato Sauce,3
T00496,2026-04-20,Premium,Biscuits|Chicken|Pasta|Tea|Tomato Sauce,5
T00497,2026-05-21,Value,Bread|Butter|Chicken|Milk|Pasta,5
T00498,2026-06-22,Premium,Bread|Butter|Milk,3
T00499,2026-07-23,Regular,Chips|Juice|Pasta|Tomato Sauce,4
T00500,2026-08-24,Value,Biscuits|Bread|Cheese|Coffee|Milk,5
T00501,2026-09-25,Value,Biscuits|Coffee|Milk|Tomato Sauce,4
T00502,2026-10-26,Premium,Biscuits|Butter|Chips|Coffee|Milk,5
T00503,2026-11-27,Value,Bread|Butter|Milk,3
T00504,2026-12-28,Value,Cheese|Pasta|Tomato Sauce,3
T00505,2026-01-01,Premium,Coffee|Pasta|Tomato Sauce,3
T00506,2026-02-02,Regular,Bread|Butter|Milk|Tea,4
T00507,2026-03-03,Value,Biscuits|Bread|Coffee,3
T00508,2026-04-04,Value,Coffee|Pasta|Tomato Sauce,3
T00509,2026-05-05,Regular,Bread|Butter|Coffee|Tea,4
T00510,2026-06-06,Regular,Biscuits|Chips|Coffee,3
T00511,2026-07-07,Value,Bread|Butter|Chips|Milk,4
T00512,2026-08-08,Regular,Bread|Cereal|Milk,3
T00513,2026-09-09,Value,Bread|Butter|Coffee|Eggs|Milk|Yogurt,6
T00514,2026-10-10,Value,Cheese|Coffee|Pasta|Tomato Sauce,4
T00515,2026-11-11,Regular,Bread|Butter|Cheese|Milk|Pasta|Tomato Sauce,6
T00516,2026-12-12,Premium,Bread|Butter|Milk,3
T00517,2026-01-13,Value,Biscuits|Coffee|Juice|Milk,4
T00518,2026-02-14,Premium,Biscuits|Bread|Coffee|Juice|Milk|Yogurt,6
T00519,2026-03-15,Premium,Bread|Butter|Milk|Tomato Sauce,4
T00520,2026-04-16,Value,Biscuits|Coffee|Eggs,3
T00521,2026-05-17,Regular,Bread|Butter|Cereal|Milk,4
T00522,2026-06-18,Premium,Chicken|Pasta,2
T00523,2026-07-19,Regular,Bread|Butter|Milk,3
T00524,2026-08-20,Regular,Bread|Butter|Milk,3
T00525,2026-09-21,Value,Cereal|Milk|Pasta,3
T00526,2026-10-22,Premium,Bread|Butter,2
T00527,2026-11-23,Regular,Cheese|Chips|Pasta|Tomato Sauce,4
T00528,2026-12-24,Premium,Biscuits|Chicken|Pasta|Tomato Sauce,4
T00529,2026-01-25,Regular,Biscuits|Coffee|Milk,3
T00530,2026-02-26,Regular,Chicken|Eggs|Pasta|Tea|Tomato Sauce,5
T00531,2026-03-27,Regular,Bread|Cereal|Cheese|Pasta|Tomato Sauce,5
T00532,2026-04-28,Value,Bread|Butter|Coffee|Milk,4
T00533,2026-05-01,Regular,Biscuits|Coffee|Juice,3
T00534,2026-06-02,Value,Biscuits|Cheese|Coffee|Milk,4
T00535,2026-07-03,Value,Biscuits|Coffee|Juice|Milk,4
T00536,2026-08-04,Premium,Bread|Butter|Eggs|Milk|Pasta,5
T00537,2026-09-05,Regular,Chicken|Juice|Milk|Pasta|Tea,5
T00538,2026-10-06,Premium,Biscuits|Butter|Coffee,3
T00539,2026-11-07,Regular,Biscuits|Coffee|Yogurt,3
T00540,2026-12-08,Value,Cheese|Milk|Pasta|Tomato Sauce,4
T00541,2026-01-09,Regular,Bread|Butter,2
T00542,2026-02-10,Premium,Cheese|Pasta|Tomato Sauce,3
T00543,2026-03-11,Value,Biscuits|Coffee|Milk|Tomato Sauce,4
T00544,2026-04-12,Premium,Biscuits|Coffee|Eggs|Milk,4
T00545,2026-05-13,Premium,Biscuits|Coffee|Eggs,3
T00546,2026-06-14,Premium,Bread|Butter|Milk,3
T00547,2026-07-15,Premium,Bread|Butter|Milk,3
T00548,2026-08-16,Regular,Cheese|Chicken|Milk|Pasta|Tomato Sauce,5
T00549,2026-09-17,Regular,Cereal|Juice|Milk,3
T00550,2026-10-18,Premium,Biscuits|Bread|Coffee|Milk|Tomato Sauce,5
T00551,2026-11-19,Value,Bread|Butter|Milk|Yogurt,4
T00552,2026-12-20,Regular,Pasta|Tomato Sauce,2
T00553,2026-01-21,Premium,Biscuits|Bread|Coffee|Eggs,4
T00554,2026-02-22,Value,Cheese|Milk|Pasta|Tomato Sauce,4
T00555,2026-03-23,Regular,Biscuits|Chips|Coffee|Eggs|Juice,5
T00556,2026-04-24,Value,Bread|Butter|Cereal|Tomato Sauce,4
T00557,2026-05-25,Premium,Chicken|Pasta|Tomato Sauce,3
T00558,2026-06-26,Value,Bread|Cheese|Pasta|Tomato Sauce,4
T00559,2026-07-27,Value,Biscuits|Chips|Coffee|Milk,4
T00560,2026-08-28,Value,Bread|Butter|Milk|Tomato Sauce,4
T00561,2026-09-01,Premium,Biscuits|Coffee|Milk,3
T00562,2026-10-02,Premium,Chicken|Pasta,2
T00563,2026-11-03,Premium,Bread|Butter|Milk,3
T00564,2026-12-04,Premium,Biscuits|Cereal|Coffee|Milk,4
T00565,2026-01-05,Premium,Bread|Butter,2
T00566,2026-02-06,Regular,Cereal|Chips|Milk|Pasta|Tomato Sauce|Yogurt,6
T00567,2026-03-07,Value,Biscuits|Coffee|Milk,3
T00568,2026-04-08,Regular,Bread|Butter|Milk,3
T00569,2026-05-09,Regular,Biscuits|Coffee|Tea,3
T00570,2026-06-10,Regular,Cereal|Chips|Coffee|Milk|Yogurt,5
T00571,2026-07-11,Regular,Bread|Butter|Cheese,3
T00572,2026-08-12,Value,Biscuits|Bread|Chips|Pasta|Tomato Sauce,5
T00573,2026-09-13,Value,Bread|Butter,2
T00574,2026-10-14,Regular,Biscuits|Coffee,2
T00575,2026-11-15,Value,Cheese|Pasta|Tomato Sauce,3
T00576,2026-12-16,Premium,Cereal|Coffee|Milk|Pasta,4
T00577,2026-01-17,Premium,Biscuits|Butter|Cheese|Juice|Pasta|Tomato Sauce,6
T00578,2026-02-18,Value,Biscuits|Cheese|Coffee,3
T00579,2026-03-19,Regular,Bread|Butter|Coffee|Milk,4
T00580,2026-04-20,Premium,Bread|Butter|Coffee|Milk,4
T00581,2026-05-21,Value,Cereal|Pasta|Tomato Sauce|Yogurt,4
T00582,2026-06-22,Premium,Bread|Butter,2
T00583,2026-07-23,Value,Biscuits|Bread|Coffee|Milk,4
T00584,2026-08-24,Regular,Biscuits|Coffee|Milk,3
T00585,2026-09-25,Value,Pasta|Tomato Sauce,2
T00586,2026-10-26,Value,Biscuits|Cereal|Milk,3
T00587,2026-11-27,Value,Bread|Butter|Chicken|Milk|Pasta,5
T00588,2026-12-28,Regular,Chicken|Eggs|Pasta|Tea,4
T00589,2026-01-01,Value,Biscuits|Coffee|Milk,3
T00590,2026-02-02,Value,Bread|Butter|Eggs|Yogurt,4
T00591,2026-03-03,Value,Bread|Butter|Chips|Milk,4
T00592,2026-04-04,Premium,Biscuits|Cheese|Chicken|Coffee|Juice,5
T00593,2026-05-05,Premium,Pasta|Tomato Sauce,2
T00594,2026-06-06,Regular,Butter|Cereal|Chicken|Pasta|Tomato Sauce,5
T00595,2026-07-07,Regular,Cereal|Chicken|Milk|Pasta|Yogurt,5
T00596,2026-08-08,Regular,Cereal|Chicken|Milk|Pasta|Tomato Sauce,5
T00597,2026-09-09,Premium,Biscuits|Butter|Coffee,3
T00598,2026-10-10,Regular,Bread|Butter|Coffee|Tomato Sauce,4
T00599,2026-11-11,Value,Cereal|Chicken|Milk|Yogurt,4
T00600,2026-12-12,Value,Biscuits|Bread|Coffee|Milk|Yogurt,5
T00601,2026-01-13,Value,Bread|Butter|Chips,3
T00602,2026-02-14,Regular,Chicken|Pasta|Tomato Sauce,3
T00603,2026-03-15,Premium,Biscuits|Chicken|Pasta|Tea,4
T00604,2026-04-16,Regular,Biscuits|Bread|Coffee|Milk,4
T00605,2026-05-17,Regular,Cheese|Chicken|Juice|Pasta|Tomato Sauce,5
T00606,2026-06-18,Premium,Butter|Coffee|Eggs|Pasta|Tomato Sauce,5
T00607,2026-07-19,Value,Biscuits|Coffee,2
T00608,2026-08-20,Regular,Chicken|Coffee|Milk|Pasta,4
T00609,2026-09-21,Value,Bread|Butter|Juice|Milk,4
T00610,2026-10-22,Regular,Bread|Cheese|Milk|Pasta|Tomato Sauce,5
T00611,2026-11-23,Regular,Bread|Butter,2
T00612,2026-12-24,Premium,Cereal|Chips|Milk|Yogurt,4
T00613,2026-01-25,Value,Biscuits|Coffee,2
T00614,2026-02-26,Value,Cereal|Milk,2
T00615,2026-03-27,Regular,Biscuits|Coffee|Milk,3
T00616,2026-04-28,Premium,Bread|Butter|Chicken,3
T00617,2026-05-01,Premium,Chicken|Milk|Pasta|Tomato Sauce,4
T00618,2026-06-02,Regular,Biscuits|Chicken|Coffee,3
T00619,2026-07-03,Premium,Bread|Butter|Coffee|Milk,4
T00620,2026-08-04,Regular,Chicken|Pasta,2
T00621,2026-09-05,Regular,Bread|Butter|Pasta,3
T00622,2026-10-06,Regular,Chips|Milk|Pasta|Tomato Sauce,4
T00623,2026-11-07,Premium,Bread|Chicken|Pasta|Tomato Sauce,4
T00624,2026-12-08,Premium,Biscuits|Bread|Chicken|Pasta|Tomato Sauce,5
T00625,2026-01-09,Regular,Bread|Butter|Eggs,3
T00626,2026-02-10,Premium,Biscuits|Chips|Coffee,3
T00627,2026-03-11,Regular,Bread|Butter|Milk,3
T00628,2026-04-12,Premium,Bread|Butter|Pasta|Tea|Yogurt,5
T00629,2026-05-13,Premium,Bread|Pasta|Tomato Sauce,3
T00630,2026-06-14,Premium,Biscuits|Chicken|Eggs|Pasta|Tomato Sauce,5
T00631,2026-07-15,Premium,Bread|Cereal|Milk|Yogurt,4
T00632,2026-08-16,Premium,Bread|Butter|Cereal|Milk,4
T00633,2026-09-17,Value,Bread|Butter|Milk|Yogurt,4
T00634,2026-10-18,Premium,Bread|Butter|Eggs|Milk,4
T00635,2026-11-19,Value,Bread|Butter|Eggs,3
T00636,2026-12-20,Value,Biscuits|Cheese|Chicken|Pasta|Tomato Sauce|Yogurt,6
T00637,2026-01-21,Regular,Bread|Butter|Juice|Milk,4
T00638,2026-02-22,Premium,Bread|Cereal|Milk|Tea,4
T00639,2026-03-23,Value,Pasta|Tomato Sauce,2
T00640,2026-04-24,Premium,Bread|Butter|Cereal,3
T00641,2026-05-25,Premium,Cereal|Milk|Yogurt,3
T00642,2026-06-26,Premium,Coffee|Pasta|Tomato Sauce,3
T00643,2026-07-27,Regular,Cheese|Pasta|Tomato Sauce,3
T00644,2026-08-28,Value,Biscuits|Cereal|Coffee,3
T00645,2026-09-01,Value,Biscuits|Chips|Coffee,3
T00646,2026-10-02,Premium,Bread|Butter|Coffee,3
T00647,2026-11-03,Regular,Biscuits|Butter|Coffee|Eggs,4
T00648,2026-12-04,Regular,Eggs|Pasta|Tomato Sauce,3
T00649,2026-01-05,Premium,Bread|Butter|Chicken|Juice|Milk,5
T00650,2026-02-06,Premium,Cereal|Milk|Tea|Yogurt,4
T00651,2026-03-07,Premium,Bread|Butter|Chips|Milk|Pasta,5
T00652,2026-04-08,Premium,Biscuits|Coffee|Pasta,3
T00653,2026-05-09,Premium,Bread|Butter,2
T00654,2026-06-10,Value,Biscuits|Coffee,2
T00655,2026-07-11,Premium,Biscuits|Bread|Butter|Milk,4
T00656,2026-08-12,Regular,Bread|Butter|Milk,3
T00657,2026-09-13,Premium,Cheese|Chicken|Eggs|Pasta|Tomato Sauce,5
T00658,2026-10-14,Value,Biscuits|Cereal|Cheese|Pasta|Tomato Sauce,5
T00659,2026-11-15,Value,Cheese|Pasta|Tomato Sauce,3
T00660,2026-12-16,Regular,Chicken|Eggs|Pasta|Tomato Sauce,4
T00661,2026-01-17,Value,Cheese|Eggs|Pasta|Tea|Tomato Sauce,5
T00662,2026-02-18,Regular,Bread|Chicken|Milk|Pasta|Tomato Sauce,5
T00663,2026-03-19,Premium,Biscuits|Bread|Coffee,3
T00664,2026-04-20,Value,Cereal|Eggs|Milk,3
T00665,2026-05-21,Regular,Biscuits|Coffee|Juice,3
T00666,2026-06-22,Premium,Biscuits|Coffee,2
T00667,2026-07-23,Value,Bread|Cereal|Cheese|Eggs|Milk|Yogurt,6
T00668,2026-08-24,Value,Biscuits|Cheese|Coffee|Pasta,4
T00669,2026-09-25,Premium,Bread|Butter|Milk|Yogurt,4
T00670,2026-10-26,Regular,Bread|Butter|Eggs|Milk,4
T00671,2026-11-27,Regular,Biscuits|Bread|Butter|Milk,4
T00672,2026-12-28,Value,Chicken|Pasta|Tea,3
T00673,2026-01-01,Premium,Chicken|Pasta,2
T00674,2026-02-02,Regular,Cheese|Pasta|Tomato Sauce,3
T00675,2026-03-03,Premium,Biscuits|Coffee|Milk,3
T00676,2026-04-04,Value,Cheese|Eggs|Pasta|Tomato Sauce|Yogurt,5
T00677,2026-05-05,Premium,Biscuits|Coffee|Milk,3
T00678,2026-06-06,Regular,Cereal|Chicken|Milk|Yogurt,4
T00679,2026-07-07,Regular,Bread|Butter|Coffee|Juice|Milk,5
T00680,2026-08-08,Value,Juice|Pasta|Tomato Sauce,3
T00681,2026-09-09,Premium,Biscuits|Pasta|Tomato Sauce,3
T00682,2026-10-10,Premium,Cheese|Pasta|Tomato Sauce,3
T00683,2026-11-11,Premium,Chicken|Juice|Pasta|Tea,4
T00684,2026-12-12,Value,Chicken|Pasta|Tomato Sauce|Yogurt,4
T00685,2026-01-13,Regular,Biscuits|Bread|Chips|Coffee,4
T00686,2026-02-14,Value,Biscuits|Chicken|Eggs|Milk|Pasta,5
T00687,2026-03-15,Regular,Bread|Butter|Milk,3
T00688,2026-04-16,Value,Bread|Butter|Cereal|Milk,4
T00689,2026-05-17,Regular,Biscuits|Coffee|Milk,3
T00690,2026-06-18,Value,Pasta|Tea|Tomato Sauce,3
T00691,2026-07-19,Premium,Biscuits|Coffee|Milk,3
T00692,2026-08-20,Value,Pasta|Tomato Sauce,2
T00693,2026-09-21,Regular,Bread|Butter|Coffee|Eggs|Milk,5
T00694,2026-10-22,Premium,Bread|Butter|Coffee|Eggs|Milk,5
T00695,2026-11-23,Regular,Biscuits|Chicken|Coffee|Milk,4
T00696,2026-12-24,Premium,Biscuits|Cheese|Pasta|Tomato Sauce,4
T00697,2026-01-25,Value,Bread|Cereal|Milk|Yogurt,4
T00698,2026-02-26,Regular,Biscuits|Cereal|Coffee|Milk,4
T00699,2026-03-27,Premium,Cereal|Milk|Tea|Yogurt,4
T00700,2026-04-28,Premium,Biscuits|Chicken|Chips|Coffee|Milk|Tea|Tomato Sauce,7
T00701,2026-05-01,Regular,Cereal|Chips|Milk,3
T00702,2026-06-02,Premium,Biscuits|Chicken|Pasta|Tomato Sauce,4
T00703,2026-07-03,Regular,Biscuits|Coffee|Milk,3
T00704,2026-08-04,Regular,Bread|Butter|Cereal|Eggs|Milk,5
T00705,2026-09-05,Value,Pasta|Tomato Sauce,2
T00706,2026-10-06,Value,Bread|Butter|Milk,3
T00707,2026-11-07,Value,Biscuits|Coffee,2
T00708,2026-12-08,Regular,Bread|Cheese|Milk|Pasta|Tea|Tomato Sauce,6
T00709,2026-01-09,Value,Bread|Butter|Milk,3
T00710,2026-02-10,Regular,Biscuits|Cereal|Cheese|Chicken|Chips|Milk|Yogurt,7
T00711,2026-03-11,Premium,Biscuits|Chips|Coffee|Juice|Milk,5
T00712,2026-04-12,Premium,Biscuits|Chips|Coffee|Eggs|Milk|Pasta|Yogurt,7
T00713,2026-05-13,Premium,Biscuits|Pasta|Tomato Sauce,3
T00714,2026-06-14,Value,Biscuits|Coffee,2
T00715,2026-07-15,Regular,Cereal|Chips|Juice|Milk,4
T00716,2026-08-16,Premium,Biscuits|Coffee|Milk,3
T00717,2026-09-17,Premium,Cereal|Cheese|Eggs|Pasta|Tomato Sauce,5
T00718,2026-10-18,Value,Biscuits|Coffee|Tomato Sauce,3
T00719,2026-11-19,Value,Chips|Pasta|Tomato Sauce,3
T00720,2026-12-20,Premium,Biscuits|Coffee|Eggs,3
T00721,2026-01-21,Value,Biscuits|Coffee|Milk|Pasta,4
T00722,2026-02-22,Premium,Biscuits|Coffee|Juice,3
T00723,2026-03-23,Premium,Biscuits|Cheese|Pasta|Tomato Sauce,4
T00724,2026-04-24,Value,Chicken|Pasta|Tea,3
T00725,2026-05-25,Value,Biscuits|Chips|Coffee,3
T00726,2026-06-26,Value,Bread|Butter|Eggs,3
T00727,2026-07-27,Premium,Cereal|Milk|Yogurt,3
T00728,2026-08-28,Regular,Chicken|Pasta|Yogurt,3
T00729,2026-09-01,Value,Biscuits|Bread|Butter|Chips|Pasta,5
T00730,2026-10-02,Value,Biscuits|Cheese|Coffee|Milk,4
T00731,2026-11-03,Value,Cereal|Milk|Yogurt,3
T00732,2026-12-04,Premium,Milk|Pasta|Tomato Sauce,3
T00733,2026-01-05,Value,Bread|Butter|Coffee|Milk,4
T00734,2026-02-06,Premium,Chicken|Eggs|Pasta,3
T00735,2026-03-07,Value,Biscuits|Bread|Butter|Chips|Milk,5
T00736,2026-04-08,Regular,Cereal|Milk,2
T00737,2026-05-09,Value,Biscuits|Cereal|Cheese|Coffee|Milk|Tea,6
T00738,2026-06-10,Regular,Biscuits|Coffee|Tea,3
T00739,2026-07-11,Regular,Cheese|Pasta|Tomato Sauce,3
T00740,2026-08-12,Premium,Biscuits|Coffee|Eggs|Milk|Yogurt,5
T00741,2026-09-13,Regular,Cereal|Cheese|Coffee|Milk|Yogurt,5
T00742,2026-10-14,Value,Cheese|Chicken|Pasta|Tomato Sauce,4
T00743,2026-11-15,Regular,Milk|Pasta|Tomato Sauce,3
T00744,2026-12-16,Value,Cereal|Chicken|Chips|Milk|Tea,5
T00745,2026-01-17,Premium,Chicken|Pasta|Tomato Sauce|Yogurt,4
T00746,2026-02-18,Value,Bread|Cheese|Coffee|Eggs|Milk|Pasta|Tomato Sauce,7
T00747,2026-03-19,Premium,Bread|Butter|Eggs|Milk,4
T00748,2026-04-20,Premium,Bread|Butter|Cereal|Milk|Pasta|Yogurt,6
T00749,2026-05-21,Value,Pasta|Tomato Sauce,2
T00750,2026-06-22,Premium,Cheese|Milk|Pasta|Tomato Sauce,4
T00751,2026-07-23,Value,Biscuits|Butter|Coffee|Milk|Tea,5
T00752,2026-08-24,Premium,Biscuits|Coffee|Milk,3
T00753,2026-09-25,Value,Biscuits|Cheese|Coffee|Eggs|Juice|Milk,6
T00754,2026-10-26,Regular,Butter|Chicken|Pasta|Tomato Sauce,4
T00755,2026-11-27,Premium,Biscuits|Cheese|Coffee|Eggs|Milk|Tea,6
T00756,2026-12-28,Regular,Butter|Cheese|Chicken|Eggs|Pasta|Tomato Sauce,6
T00757,2026-01-01,Regular,Cheese|Pasta|Tomato Sauce,3
T00758,2026-02-02,Regular,Bread|Butter|Cereal|Milk,4
T00759,2026-03-03,Value,Cereal|Milk|Yogurt,3
T00760,2026-04-04,Value,Biscuits|Coffee|Milk,3
T00761,2026-05-05,Value,Biscuits|Coffee,2
T00762,2026-06-06,Regular,Biscuits|Bread|Cereal|Milk,4
T00763,2026-07-07,Premium,Chicken|Eggs|Pasta,3
T00764,2026-08-08,Premium,Pasta|Tomato Sauce,2
T00765,2026-09-09,Premium,Biscuits|Coffee|Milk,3
T00766,2026-10-10,Regular,Biscuits|Coffee|Eggs,3
T00767,2026-11-11,Regular,Pasta|Tomato Sauce,2
T00768,2026-12-12,Regular,Pasta|Tomato Sauce,2
T00769,2026-01-13,Premium,Biscuits|Cheese|Coffee|Milk,4
T00770,2026-02-14,Premium,Biscuits|Bread|Butter|Eggs,4
T00771,2026-03-15,Regular,Biscuits|Coffee|Milk,3
T00772,2026-04-16,Value,Bread|Butter|Cheese|Milk,4
T00773,2026-05-17,Value,Cereal|Coffee|Milk,3
T00774,2026-06-18,Value,Biscuits|Bread|Butter|Cheese,4
T00775,2026-07-19,Regular,Biscuits|Coffee|Eggs|Tea,4
T00776,2026-08-20,Value,Biscuits|Bread|Coffee,3
T00777,2026-09-21,Value,Butter|Cheese|Juice|Pasta|Tea|Tomato Sauce,6
T00778,2026-10-22,Regular,Butter|Cereal|Chips|Milk,4
T00779,2026-11-23,Regular,Bread|Butter|Yogurt,3
T00780,2026-12-24,Value,Cereal|Milk,2
T00781,2026-01-25,Premium,Pasta|Tomato Sauce,2
T00782,2026-02-26,Premium,Bread|Cheese|Chicken|Eggs|Pasta,5
T00783,2026-03-27,Premium,Biscuits|Bread|Coffee|Pasta,4
T00784,2026-04-28,Premium,Bread|Coffee|Juice|Pasta|Tomato Sauce,5
T00785,2026-05-01,Premium,Bread|Butter|Cereal|Cheese|Pasta,5
T00786,2026-06-02,Regular,Cereal|Cheese|Eggs|Milk|Pasta,5
T00787,2026-07-03,Premium,Biscuits|Coffee|Milk,3
T00788,2026-08-04,Premium,Bread|Cheese|Pasta|Tomato Sauce,4
T00789,2026-09-05,Value,Chicken|Pasta|Tomato Sauce,3
T00790,2026-10-06,Regular,Bread|Butter|Cheese|Eggs|Milk,5
T00791,2026-11-07,Value,Chicken|Pasta,2
T00792,2026-12-08,Regular,Chicken|Eggs|Milk|Pasta,4
T00793,2026-01-09,Value,Biscuits|Cereal|Coffee|Milk|Yogurt,5
T00794,2026-02-10,Value,Chicken|Chips|Coffee|Juice|Pasta|Tomato Sauce,6
T00795,2026-03-11,Premium,Cereal|Chips|Milk,3
T00796,2026-04-12,Premium,Biscuits|Coffee|Milk,3
T00797,2026-05-13,Value,Biscuits|Bread|Butter|Milk,4
T00798,2026-06-14,Premium,Bread|Butter|Milk|Tea,4
T00799,2026-07-15,Regular,Biscuits|Chips|Coffee|Milk,4
T00800,2026-08-16,Value,Biscuits|Bread|Coffee|Milk|Yogurt,5
T00801,2026-09-17,Value,Bread|Butter,2
T00802,2026-10-18,Premium,Bread|Cheese|Pasta|Tomato Sauce,4
T00803,2026-11-19,Regular,Biscuits|Cereal|Milk,3
T00804,2026-12-20,Premium,Butter|Cereal|Chicken|Eggs|Milk|Yogurt,6
T00805,2026-01-21,Value,Bread|Butter|Milk,3
T00806,2026-02-22,Value,Bread|Butter|Cereal|Milk|Yogurt,5
T00807,2026-03-23,Value,Biscuits|Chicken|Coffee|Milk,4
T00808,2026-04-24,Regular,Bread|Butter|Coffee|Eggs,4
T00809,2026-05-25,Value,Butter|Cereal|Cheese|Pasta|Tea|Tomato Sauce,6
T00810,2026-06-26,Premium,Biscuits|Butter|Coffee|Milk,4
T00811,2026-07-27,Premium,Cereal|Milk,2
T00812,2026-08-28,Value,Biscuits|Cereal|Coffee|Yogurt,4
T00813,2026-09-01,Premium,Biscuits|Coffee,2
T00814,2026-10-02,Regular,Butter|Cereal|Milk|Pasta|Yogurt,5
T00815,2026-11-03,Premium,Cheese|Pasta|Tomato Sauce,3
T00816,2026-12-04,Value,Bread|Butter|Milk|Tea|Yogurt,5
T00817,2026-01-05,Value,Cereal|Juice|Milk|Pasta,4
T00818,2026-02-06,Premium,Bread|Butter|Milk,3
T00819,2026-03-07,Regular,Biscuits|Chips|Coffee|Eggs|Milk,5
T00820,2026-04-08,Value,Cereal|Coffee|Eggs|Milk,4
T00821,2026-05-09,Premium,Bread|Butter,2
T00822,2026-06-10,Premium,Cereal|Milk,2
T00823,2026-07-11,Premium,Cereal|Chicken|Pasta|Tomato Sauce,4
T00824,2026-08-12,Regular,Biscuits|Coffee|Milk,3
T00825,2026-09-13,Value,Bread|Butter|Cheese|Juice,4
T00826,2026-10-14,Premium,Cereal|Milk|Yogurt,3
T00827,2026-11-15,Premium,Bread|Butter|Cereal|Milk,4
T00828,2026-12-16,Value,Biscuits|Bread|Butter|Milk,4
T00829,2026-01-17,Premium,Cheese|Pasta|Tomato Sauce,3
T00830,2026-02-18,Regular,Biscuits|Cereal|Coffee|Milk,4
T00831,2026-03-19,Value,Bread|Butter|Milk,3
T00832,2026-04-20,Regular,Bread|Cheese|Pasta|Tomato Sauce,4
T00833,2026-05-21,Regular,Chicken|Chips|Juice|Pasta|Tomato Sauce,5
T00834,2026-06-22,Value,Biscuits|Chips|Coffee|Eggs|Juice|Milk|Tea|Yogurt,8
T00835,2026-07-23,Value,Milk|Pasta|Tea|Tomato Sauce|Yogurt,5
T00836,2026-08-24,Regular,Biscuits|Coffee|Milk,3
T00837,2026-09-25,Regular,Bread|Butter|Eggs|Milk,4
T00838,2026-10-26,Value,Cheese|Chicken|Pasta|Tomato Sauce,4
T00839,2026-11-27,Regular,Cereal|Milk|Yogurt,3
T00840,2026-12-28,Premium,Bread|Butter|Milk,3
T00841,2026-01-01,Value,Bread|Butter|Milk|Tea|Tomato Sauce,5
T00842,2026-02-02,Regular,Chips|Eggs|Pasta|Tomato Sauce,4
T00843,2026-03-03,Regular,Butter|Cereal|Chicken|Pasta|Tomato Sauce,5
T00844,2026-04-04,Premium,Biscuits|Coffee,2
T00845,2026-05-05,Regular,Biscuits|Bread|Butter|Milk,4
T00846,2026-06-06,Premium,Bread|Butter|Cheese|Coffee|Juice|Milk|Pasta,7
T00847,2026-07-07,Value,Cheese|Eggs|Pasta|Tomato Sauce,4
T00848,2026-08-08,Value,Cereal|Milk,2
T00849,2026-09-09,Premium,Bread|Butter|Milk|Yogurt,4
T00850,2026-10-10,Value,Biscuits|Chicken|Coffee|Eggs|Milk,5
T00851,2026-11-11,Value,Bread|Butter|Cereal|Milk,4
T00852,2026-12-12,Regular,Biscuits|Butter|Coffee|Milk,4
T00853,2026-01-13,Value,Biscuits|Coffee|Juice,3
T00854,2026-02-14,Regular,Bread|Butter|Chips|Eggs|Juice|Milk,6
T00855,2026-03-15,Value,Cheese|Chicken|Eggs|Pasta|Tea|Tomato Sauce,6
T00856,2026-04-16,Value,Cereal|Milk,2
T00857,2026-05-17,Value,Bread|Butter|Juice|Milk,4
T00858,2026-06-18,Value,Bread|Butter|Chips|Milk,4
T00859,2026-07-19,Premium,Biscuits|Chicken|Coffee|Milk,4
T00860,2026-08-20,Regular,Cereal|Milk|Yogurt,3
T00861,2026-09-21,Value,Cereal|Milk,2
T00862,2026-10-22,Regular,Biscuits|Coffee|Milk,3
T00863,2026-11-23,Regular,Cereal|Milk,2
T00864,2026-12-24,Premium,Bread|Butter,2
T00865,2026-01-25,Premium,Bread|Butter|Milk,3
T00866,2026-02-26,Premium,Bread|Butter|Coffee|Milk,4
T00867,2026-03-27,Regular,Bread|Pasta|Tomato Sauce,3
T00868,2026-04-28,Premium,Bread|Butter|Milk,3
T00869,2026-05-01,Regular,Bread|Pasta|Tomato Sauce,3
T00870,2026-06-02,Regular,Bread|Cheese|Pasta|Tomato Sauce,4
T00871,2026-07-03,Regular,Cereal|Cheese|Milk,3
T00872,2026-08-04,Premium,Cheese|Eggs|Pasta|Tomato Sauce|Yogurt,5
T00873,2026-09-05,Premium,Biscuits|Bread|Cheese|Eggs|Pasta|Tomato Sauce,6
T00874,2026-10-06,Value,Bread|Butter|Eggs|Juice|Milk,5
T00875,2026-11-07,Premium,Biscuits|Bread|Butter,3
T00876,2026-12-08,Premium,Butter|Chicken|Pasta|Tomato Sauce,4
T00877,2026-01-09,Value,Bread|Cereal|Milk|Yogurt,4
T00878,2026-02-10,Value,Bread|Butter|Milk,3
T00879,2026-03-11,Value,Cereal|Milk,2
T00880,2026-04-12,Value,Coffee|Eggs|Pasta|Tomato Sauce,4
T00881,2026-05-13,Premium,Bread|Butter|Cereal|Milk,4
T00882,2026-06-14,Value,Cereal|Chicken|Milk|Yogurt,4
T00883,2026-07-15,Value,Biscuits|Coffee,2
T00884,2026-08-16,Regular,Biscuits|Bread|Coffee|Milk,4
T00885,2026-09-17,Regular,Biscuits|Coffee|Milk|Tea,4
T00886,2026-10-18,Regular,Bread|Butter,2
T00887,2026-11-19,Value,Biscuits|Bread|Butter|Pasta,4
T00888,2026-12-20,Premium,Cereal|Chicken|Milk|Yogurt,4
T00889,2026-01-21,Regular,Bread|Butter|Coffee|Milk|Tomato Sauce,5
T00890,2026-02-22,Value,Bread|Butter|Cereal|Milk,4
T00891,2026-03-23,Value,Biscuits|Bread|Butter|Milk,4
T00892,2026-04-24,Regular,Biscuits|Coffee|Milk,3
T00893,2026-05-25,Regular,Bread|Butter|Chips,3
T00894,2026-06-26,Premium,Bread|Butter|Eggs|Milk|Tomato Sauce,5
T00895,2026-07-27,Premium,Biscuits|Coffee|Milk,3
T00896,2026-08-28,Regular,Biscuits|Coffee|Juice|Milk|Tomato Sauce|Yogurt,6
T00897,2026-09-01,Regular,Biscuits|Bread|Butter|Cheese|Coffee|Milk|Tea,7
T00898,2026-10-02,Premium,Biscuits|Bread|Coffee|Milk|Tea,5
T00899,2026-11-03,Premium,Bread|Butter|Chicken|Juice,4
T00900,2026-12-04,Regular,Cheese|Pasta|Tomato Sauce,3
T00901,2026-01-05,Regular,Bread|Butter|Chips|Milk|Tomato Sauce,5
T00902,2026-02-06,Regular,Cereal|Milk|Yogurt,3
T00903,2026-03-07,Regular,Cheese|Pasta|Tomato Sauce,3
T00904,2026-04-08,Regular,Biscuits|Coffee|Eggs|Milk|Yogurt,5
T00905,2026-05-09,Value,Cheese|Milk|Pasta|Tomato Sauce,4
T00906,2026-06-10,Value,Biscuits|Cereal|Chips|Milk|Tea,5
T00907,2026-07-11,Premium,Bread|Juice|Pasta|Tea|Tomato Sauce,5
T00908,2026-08-12,Value,Biscuits|Coffee|Milk,3
T00909,2026-09-13,Premium,Cereal|Milk|Tea|Yogurt,4
T00910,2026-10-14,Value,Cereal|Milk|Tomato Sauce,3
T00911,2026-11-15,Premium,Biscuits|Coffee|Milk,3
T00912,2026-12-16,Premium,Bread|Butter|Cheese|Pasta|Tomato Sauce,5
T00913,2026-01-17,Value,Bread|Butter|Cereal|Eggs|Milk,5
T00914,2026-02-18,Value,Chicken|Pasta|Tomato Sauce,3
T00915,2026-03-19,Value,Bread|Butter|Milk|Tomato Sauce,4
T00916,2026-04-20,Value,Bread|Butter|Milk,3
T00917,2026-05-21,Regular,Bread|Butter|Eggs,3
T00918,2026-06-22,Premium,Milk|Pasta|Tomato Sauce,3
T00919,2026-07-23,Value,Bread|Butter|Milk,3
T00920,2026-08-24,Premium,Cheese|Chips|Milk|Pasta|Tomato Sauce|Yogurt,6
T00921,2026-09-25,Regular,Bread|Butter|Chips|Juice|Milk,5
T00922,2026-10-26,Regular,Cheese|Pasta|Tomato Sauce,3
T00923,2026-11-27,Value,Chicken|Chips|Pasta,3
T00924,2026-12-28,Regular,Biscuits|Coffee|Juice|Milk|Tea|Yogurt,6
T00925,2026-01-01,Value,Pasta|Tomato Sauce,2
T00926,2026-02-02,Regular,Biscuits|Cereal|Milk|Yogurt,4
T00927,2026-03-03,Value,Biscuits|Bread|Butter|Chicken|Coffee,5
T00928,2026-04-04,Premium,Cereal|Cheese|Juice|Milk|Yogurt,5
T00929,2026-05-05,Value,Biscuits|Chicken|Coffee,3
T00930,2026-06-06,Regular,Cereal|Milk|Pasta,3
T00931,2026-07-07,Premium,Cheese|Juice|Pasta|Tomato Sauce,4
T00932,2026-08-08,Regular,Cereal|Milk,2
T00933,2026-09-09,Value,Bread|Butter|Milk,3
T00934,2026-10-10,Value,Bread|Cereal|Chips|Pasta|Tea|Tomato Sauce,6
T00935,2026-11-11,Value,Biscuits|Coffee,2
T00936,2026-12-12,Premium,Bread|Butter|Milk|Pasta,4
T00937,2026-01-13,Regular,Biscuits|Coffee|Milk|Yogurt,4
T00938,2026-02-14,Value,Cereal|Milk|Yogurt,3
T00939,2026-03-15,Regular,Bread|Cereal|Chicken|Milk,4
T00940,2026-04-16,Regular,Bread|Cheese|Eggs|Pasta|Tomato Sauce,5
T00941,2026-05-17,Value,Chicken|Juice|Pasta|Tomato Sauce,4
T00942,2026-06-18,Value,Bread|Butter|Milk,3
T00943,2026-07-19,Value,Chicken|Juice|Pasta,3
T00944,2026-08-20,Value,Biscuits|Bread|Butter|Chicken|Milk,5
T00945,2026-09-21,Regular,Bread|Butter|Cereal|Milk|Tea,5
T00946,2026-10-22,Premium,Cereal|Milk|Pasta|Tomato Sauce,4
T00947,2026-11-23,Value,Biscuits|Coffee|Milk,3
T00948,2026-12-24,Value,Bread|Butter|Milk|Tomato Sauce,4
T00949,2026-01-25,Value,Biscuits|Coffee|Milk,3
T00950,2026-02-26,Value,Eggs|Pasta|Tomato Sauce,3
T00951,2026-03-27,Premium,Chicken|Pasta|Tomato Sauce,3
T00952,2026-04-28,Regular,Bread|Butter|Milk,3
T00953,2026-05-01,Value,Milk|Pasta|Tea|Tomato Sauce,4
T00954,2026-06-02,Regular,Cereal|Milk|Yogurt,3
T00955,2026-07-03,Premium,Cereal|Juice|Milk,3
T00956,2026-08-04,Premium,Biscuits|Bread|Butter|Milk,4
T00957,2026-09-05,Value,Cheese|Chips|Milk|Pasta|Tomato Sauce,5
T00958,2026-10-06,Value,Biscuits|Bread|Butter|Chips|Coffee|Eggs,6
T00959,2026-11-07,Value,Biscuits|Coffee,2
T00960,2026-12-08,Regular,Bread|Cereal|Cheese|Coffee|Milk|Yogurt,6
T00961,2026-01-09,Regular,Chips|Eggs|Pasta|Tea|Tomato Sauce,5
T00962,2026-02-10,Premium,Bread|Butter|Coffee|Eggs|Milk,5
T00963,2026-03-11,Regular,Biscuits|Cheese|Coffee,3
T00964,2026-04-12,Regular,Chicken|Pasta,2
T00965,2026-05-13,Regular,Biscuits|Coffee|Milk,3
T00966,2026-06-14,Premium,Bread|Butter|Milk,3
T00967,2026-07-15,Premium,Biscuits|Bread|Butter|Milk,4
T00968,2026-08-16,Value,Bread|Butter|Juice|Milk|Yogurt,5
T00969,2026-09-17,Regular,Bread|Butter|Chips|Coffee|Juice,5
T00970,2026-10-18,Regular,Bread|Cereal|Milk,3
T00971,2026-11-19,Regular,Biscuits|Chips|Coffee|Milk,4
T00972,2026-12-20,Regular,Bread|Pasta|Tomato Sauce,3
T00973,2026-01-21,Regular,Cereal|Milk|Tea|Yogurt,4
T00974,2026-02-22,Premium,Bread|Butter|Milk,3
T00975,2026-03-23,Value,Cereal|Coffee|Milk|Yogurt,4
T00976,2026-04-24,Value,Bread|Cereal|Chicken|Milk|Yogurt,5
T00977,2026-05-25,Value,Bread|Butter|Chips|Eggs|Milk|Tomato Sauce,6
T00978,2026-06-26,Regular,Biscuits|Butter|Chips|Coffee|Eggs|Juice|Milk,7
T00979,2026-07-27,Regular,Biscuits|Cereal|Eggs|Milk|Tomato Sauce,5
T00980,2026-08-28,Regular,Bread|Butter|Cheese,3
T00981,2026-09-01,Regular,Bread|Cheese|Chips|Coffee|Pasta|Tomato Sauce,6
T00982,2026-10-02,Value,Bread|Butter|Milk|Yogurt,4
T00983,2026-11-03,Value,Chicken|Milk|Pasta|Tomato Sauce|Yogurt,5
T00984,2026-12-04,Regular,Cereal|Milk,2
T00985,2026-01-05,Regular,Cereal|Pasta|Tomato Sauce,3
T00986,2026-02-06,Value,Chicken|Pasta|Tomato Sauce,3
T00987,2026-03-07,Regular,Bread|Butter|Milk|Tea,4
T00988,2026-04-08,Value,Chicken|Pasta|Tomato Sauce,3
T00989,2026-05-09,Premium,Biscuits|Butter|Coffee|Milk,4
T00990,2026-06-10,Premium,Bread|Butter|Eggs|Milk,4
T00991,2026-07-11,Value,Biscuits|Chips|Coffee,3
T00992,2026-08-12,Premium,Cheese|Pasta|Tea|Tomato Sauce,4
T00993,2026-09-13,Premium,Pasta|Tomato Sauce,2
T00994,2026-10-14,Regular,Bread|Butter|Milk,3
T00995,2026-11-15,Premium,Chicken|Pasta|Tomato Sauce,3
T00996,2026-12-16,Premium,Milk|Pasta|Tomato Sauce,3
T00997,2026-01-17,Value,Biscuits|Coffee,2
T00998,2026-02-18,Regular,Bread|Butter|Juice|Milk|Yogurt,5
T00999,2026-03-19,Value,Chicken|Pasta|Yogurt,3
T01000,2026-04-20,Premium,Bread|Butter|Eggs,3
T01001,2026-05-21,Regular,Cereal|Eggs|Milk|Yogurt,4
T01002,2026-06-22,Value,Bread|Butter|Cereal|Eggs|Juice|Milk,6
T01003,2026-07-23,Premium,Bread|Butter|Milk,3
T01004,2026-08-24,Premium,Cereal|Milk|Yogurt,3
T01005,2026-09-25,Regular,Bread|Butter|Chips|Milk,4
T01006,2026-10-26,Value,Bread|Butter|Milk,3
T01007,2026-11-27,Regular,Biscuits|Bread|Coffee|Juice|Milk|Pasta,6
T01008,2026-12-28,Value,Butter|Cheese|Chips|Pasta|Tomato Sauce|Yogurt,6
T01009,2026-01-01,Value,Eggs|Pasta|Tomato Sauce,3
T01010,2026-02-02,Value,Chicken|Pasta|Tea,3
T01011,2026-03-03,Premium,Biscuits|Coffee|Milk|Yogurt,4
T01012,2026-04-04,Premium,Biscuits|Coffee|Milk,3
T01013,2026-05-05,Regular,Bread|Butter,2
T01014,2026-06-06,Premium,Biscuits|Coffee|Tea,3
T01015,2026-07-07,Premium,Bread|Butter,2
T01016,2026-08-08,Value,Bread|Butter|Chicken|Eggs,4
T01017,2026-09-09,Regular,Bread|Butter|Eggs|Juice|Yogurt,5
T01018,2026-10-10,Premium,Chicken|Pasta,2
T01019,2026-11-11,Regular,Biscuits|Coffee|Milk|Pasta,4
T01020,2026-12-12,Premium,Bread|Cereal|Cheese|Chicken|Milk|Yogurt,6
T01021,2026-01-13,Regular,Bread|Butter,2
T01022,2026-02-14,Regular,Biscuits|Coffee|Milk|Tea,4
T01023,2026-03-15,Premium,Chicken|Pasta|Tomato Sauce,3
T01024,2026-04-16,Premium,Bread|Butter|Chicken,3
T01025,2026-05-17,Premium,Biscuits|Coffee|Juice,3
T01026,2026-06-18,Regular,Chips|Pasta|Tomato Sauce,3
T01027,2026-07-19,Regular,Butter|Cheese|Pasta|Tomato Sauce,4
T01028,2026-08-20,Regular,Cereal|Cheese|Milk|Yogurt,4
T01029,2026-09-21,Premium,Biscuits|Butter|Coffee,3
T01030,2026-10-22,Premium,Cereal|Cheese|Chips|Juice|Milk|Pasta|Yogurt,7
T01031,2026-11-23,Value,Biscuits|Bread|Chicken|Coffee,4
T01032,2026-12-24,Premium,Cereal|Milk,2
T01033,2026-01-25,Regular,Cheese|Chips|Pasta|Tea|Tomato Sauce,5
T01034,2026-02-26,Value,Biscuits|Butter|Coffee,3
T01035,2026-03-27,Premium,Biscuits|Coffee|Juice|Milk,4
T01036,2026-04-28,Value,Bread|Butter|Milk,3
T01037,2026-05-01,Premium,Biscuits|Bread|Butter,3
T01038,2026-06-02,Value,Biscuits|Coffee,2
T01039,2026-07-03,Premium,Bread|Butter|Cereal|Milk,4
T01040,2026-08-04,Value,Cereal|Coffee|Milk|Yogurt,4
T01041,2026-09-05,Value,Biscuits|Chips|Coffee,3
T01042,2026-10-06,Value,Bread|Butter|Milk|Pasta,4
T01043,2026-11-07,Premium,Bread|Butter|Milk|Yogurt,4
T01044,2026-12-08,Premium,Biscuits|Coffee|Milk,3
T01045,2026-01-09,Regular,Chicken|Pasta|Tomato Sauce,3
T01046,2026-02-10,Regular,Bread|Butter|Chicken|Juice|Milk|Tea|Yogurt,7
T01047,2026-03-11,Value,Bread|Butter|Cheese|Milk|Tomato Sauce,5
T01048,2026-04-12,Value,Bread|Chicken|Eggs|Juice|Pasta,5
T01049,2026-05-13,Premium,Bread|Butter|Cheese|Pasta|Tomato Sauce,5
T01050,2026-06-14,Premium,Biscuits|Chicken|Coffee|Milk,4
T01051,2026-07-15,Regular,Cheese|Chips|Pasta|Tea|Tomato Sauce,5
T01052,2026-08-16,Value,Bread|Butter|Cheese|Coffee,4
T01053,2026-09-17,Regular,Bread|Butter,2
T01054,2026-10-18,Value,Cheese|Eggs|Pasta|Tomato Sauce,4
T01055,2026-11-19,Regular,Cereal|Milk|Yogurt,3
T01056,2026-12-20,Value,Bread|Butter|Eggs|Milk,4
T01057,2026-01-21,Premium,Butter|Cereal|Milk,3
T01058,2026-02-22,Regular,Biscuits|Coffee|Eggs|Milk,4
T01059,2026-03-23,Regular,Bread|Butter|Milk,3
T01060,2026-04-24,Value,Cereal|Coffee|Milk|Yogurt,4
T01061,2026-05-25,Regular,Biscuits|Bread|Chicken|Coffee|Milk|Yogurt,6
T01062,2026-06-26,Value,Biscuits|Coffee|Tea,3
T01063,2026-07-27,Regular,Bread|Butter|Milk|Tea|Tomato Sauce,5
T01064,2026-08-28,Value,Bread|Butter|Coffee|Milk|Tea|Tomato Sauce,6
T01065,2026-09-01,Value,Chicken|Milk|Pasta|Tomato Sauce,4
T01066,2026-10-02,Premium,Butter|Cheese|Pasta|Tomato Sauce|Yogurt,5
T01067,2026-11-03,Regular,Biscuits|Bread|Coffee|Milk,4
T01068,2026-12-04,Value,Biscuits|Coffee|Milk,3
T01069,2026-01-05,Value,Biscuits|Coffee|Eggs|Milk,4
T01070,2026-02-06,Regular,Cheese|Chips|Juice|Pasta|Tomato Sauce,5
T01071,2026-03-07,Premium,Cereal|Coffee|Milk|Tea|Yogurt,5
T01072,2026-04-08,Value,Butter|Cheese|Chicken|Pasta|Tomato Sauce,5
T01073,2026-05-09,Value,Bread|Butter|Milk|Yogurt,4
T01074,2026-06-10,Value,Bread|Butter|Coffee|Milk,4
T01075,2026-07-11,Regular,Biscuits|Bread|Coffee|Eggs|Milk,5
T01076,2026-08-12,Premium,Cereal|Milk,2
T01077,2026-09-13,Premium,Biscuits|Cheese|Coffee|Milk|Tea,5
T01078,2026-10-14,Value,Bread|Butter|Milk,3
T01079,2026-11-15,Premium,Biscuits|Chips|Coffee|Milk,4
T01080,2026-12-16,Regular,Bread|Butter|Chips|Milk|Pasta,5
T01081,2026-01-17,Premium,Cereal|Eggs|Milk|Pasta,4
T01082,2026-02-18,Premium,Bread|Butter|Eggs|Milk,4
T01083,2026-03-19,Value,Chicken|Pasta|Tomato Sauce,3
T01084,2026-04-20,Regular,Bread|Butter|Milk,3
T01085,2026-05-21,Regular,Bread|Butter|Chips|Juice|Milk,5
T01086,2026-06-22,Premium,Cereal|Juice|Milk,3
T01087,2026-07-23,Value,Bread|Butter,2
T01088,2026-08-24,Premium,Bread|Butter|Milk,3
T01089,2026-09-25,Premium,Bread|Butter|Milk,3
T01090,2026-10-26,Regular,Biscuits|Coffee|Milk|Pasta,4
T01091,2026-11-27,Regular,Biscuits|Coffee|Milk,3
T01092,2026-12-28,Value,Bread|Butter|Chips|Milk,4
T01093,2026-01-01,Premium,Cereal|Cheese|Coffee|Eggs|Milk,5
T01094,2026-02-02,Regular,Bread|Butter|Eggs,3
T01095,2026-03-03,Value,Bread|Butter|Milk,3
T01096,2026-04-04,Premium,Biscuits|Coffee,2
T01097,2026-05-05,Premium,Biscuits|Bread|Butter|Coffee|Eggs|Pasta,6
T01098,2026-06-06,Value,Biscuits|Cereal|Cheese|Coffee|Milk,5
T01099,2026-07-07,Premium,Biscuits|Bread|Butter|Cheese|Milk,5
T01100,2026-08-08,Value,Butter|Chicken|Eggs|Pasta|Tomato Sauce,5
T01101,2026-09-09,Premium,Bread|Butter|Milk|Tea,4
T01102,2026-10-10,Premium,Cereal|Cheese|Pasta|Tomato Sauce,4
T01103,2026-11-11,Regular,Bread|Butter|Juice|Milk,4
T01104,2026-12-12,Value,Bread|Butter|Coffee|Milk,4
T01105,2026-01-13,Premium,Biscuits|Cheese|Coffee|Eggs|Milk,5
T01106,2026-02-14,Regular,Bread|Butter|Milk|Pasta,4
T01107,2026-03-15,Regular,Chicken|Milk|Pasta|Tomato Sauce,4
T01108,2026-04-16,Regular,Bread|Butter|Milk,3
T01109,2026-05-17,Premium,Bread|Chicken|Pasta|Tomato Sauce,4
T01110,2026-06-18,Premium,Biscuits|Cereal|Coffee|Milk|Tomato Sauce,5
T01111,2026-07-19,Regular,Biscuits|Cereal|Coffee|Milk,4
T01112,2026-08-20,Premium,Bread|Butter|Chicken|Eggs|Pasta,5
T01113,2026-09-21,Premium,Biscuits|Chicken|Chips|Coffee|Milk|Tomato Sauce|Yogurt,7
T01114,2026-10-22,Value,Biscuits|Coffee|Milk,3
T01115,2026-11-23,Value,Cereal|Milk|Yogurt,3
T01116,2026-12-24,Regular,Bread|Butter|Cheese|Chicken|Milk,5
T01117,2026-01-25,Regular,Bread|Butter|Coffee,3
T01118,2026-02-26,Value,Pasta|Tomato Sauce,2
T01119,2026-03-27,Regular,Bread|Butter|Eggs|Milk|Yogurt,5
T01120,2026-04-28,Regular,Cereal|Eggs|Milk|Pasta|Tomato Sauce,5
T01121,2026-05-01,Value,Biscuits|Coffee|Milk,3
T01122,2026-06-02,Regular,Cereal|Milk|Yogurt,3
T01123,2026-07-03,Value,Bread|Butter,2
T01124,2026-08-04,Value,Cheese|Coffee|Pasta|Tomato Sauce,4
T01125,2026-09-05,Regular,Biscuits|Butter|Cereal|Eggs|Milk,5
T01126,2026-10-06,Regular,Bread|Butter|Milk|Tea,4
T01127,2026-11-07,Premium,Cereal|Eggs|Milk,3
T01128,2026-12-08,Premium,Bread|Butter|Milk,3
T01129,2026-01-09,Regular,Cheese|Pasta|Tomato Sauce,3
T01130,2026-02-10,Regular,Biscuits|Bread|Coffee|Yogurt,4
T01131,2026-03-11,Premium,Biscuits|Cheese|Chips|Coffee|Pasta|Tomato Sauce,6
T01132,2026-04-12,Regular,Chicken|Milk|Pasta,3
T01133,2026-05-13,Value,Biscuits|Coffee|Eggs|Milk,4
T01134,2026-06-14,Premium,Biscuits|Butter|Coffee|Milk,4
T01135,2026-07-15,Value,Bread|Cheese|Pasta|Tea|Tomato Sauce,5
T01136,2026-08-16,Regular,Cereal|Milk|Yogurt,3
T01137,2026-09-17,Premium,Butter|Cheese|Pasta|Tomato Sauce,4
T01138,2026-10-18,Regular,Biscuits|Bread|Butter|Cheese|Chips|Coffee,6
T01139,2026-11-19,Regular,Biscuits|Coffee|Milk,3
T01140,2026-12-20,Regular,Biscuits|Coffee|Yogurt,3
T01141,2026-01-21,Regular,Bread|Butter|Cheese|Chips|Milk|Tomato Sauce,6
T01142,2026-02-22,Value,Biscuits|Cereal|Milk|Yogurt,4
T01143,2026-03-23,Premium,Biscuits|Coffee|Eggs|Milk,4
T01144,2026-04-24,Premium,Bread|Butter|Milk,3
T01145,2026-05-25,Regular,Biscuits|Bread|Coffee,3
T01146,2026-06-26,Regular,Bread|Butter|Juice|Milk,4
T01147,2026-07-27,Regular,Bread|Butter|Milk|Pasta,4
T01148,2026-08-28,Premium,Bread|Cereal|Chicken|Milk|Yogurt,5
T01149,2026-09-01,Regular,Cereal|Cheese|Milk|Yogurt,4
T01150,2026-10-02,Regular,Butter|Cereal|Juice|Milk,4
T01151,2026-11-03,Value,Cereal|Milk,2
T01152,2026-12-04,Premium,Bread|Cheese|Pasta|Tomato Sauce,4
T01153,2026-01-05,Regular,Biscuits|Coffee|Milk|Tomato Sauce|Yogurt,5
T01154,2026-02-06,Premium,Bread|Butter,2
T01155,2026-03-07,Regular,Biscuits|Chicken|Coffee|Milk|Tea,5
T01156,2026-04-08,Regular,Eggs|Pasta|Tomato Sauce,3
T01157,2026-05-09,Premium,Bread|Butter|Tea|Yogurt,4
T01158,2026-06-10,Regular,Biscuits|Chicken|Coffee|Milk|Tea,5
T01159,2026-07-11,Value,Biscuits|Bread|Butter|Cereal|Juice|Milk,6
T01160,2026-08-12,Value,Cheese|Pasta|Tomato Sauce,3
T01161,2026-09-13,Premium,Biscuits|Cereal|Coffee|Milk|Tomato Sauce|Yogurt,6
T01162,2026-10-14,Regular,Bread|Butter,2
T01163,2026-11-15,Regular,Bread|Butter|Milk,3
T01164,2026-12-16,Regular,Bread|Butter|Chicken|Milk|Tea,5
T01165,2026-01-17,Regular,Bread|Butter|Milk|Yogurt,4
T01166,2026-02-18,Value,Bread|Butter|Eggs|Milk|Pasta,5
T01167,2026-03-19,Value,Cereal|Cheese|Pasta|Tomato Sauce,4
T01168,2026-04-20,Regular,Biscuits|Coffee,2
T01169,2026-05-21,Premium,Bread|Chicken|Pasta|Tomato Sauce,4
T01170,2026-06-22,Value,Biscuits|Bread|Butter|Cheese|Milk,5
T01171,2026-07-23,Premium,Bread|Butter|Milk,3
T01172,2026-08-24,Premium,Bread|Cereal|Milk|Yogurt,4
T01173,2026-09-25,Regular,Biscuits|Coffee|Milk,3
T01174,2026-10-26,Value,Bread|Butter|Cereal|Coffee|Milk,5
T01175,2026-11-27,Value,Bread|Cereal|Cheese|Coffee|Milk|Pasta|Tomato Sauce,7
T01176,2026-12-28,Regular,Chicken|Chips|Pasta,3
T01177,2026-01-01,Value,Cereal|Milk|Pasta|Tea|Yogurt,5
T01178,2026-02-02,Premium,Bread|Butter,2
T01179,2026-03-03,Premium,Bread|Butter|Milk|Tomato Sauce,4
T01180,2026-04-04,Regular,Bread|Butter|Chips,3
T01181,2026-05-05,Regular,Bread|Butter|Pasta,3
T01182,2026-06-06,Premium,Butter|Cereal|Milk|Tea|Yogurt,5
T01183,2026-07-07,Regular,Bread|Butter|Eggs,3
T01184,2026-08-08,Regular,Biscuits|Coffee|Milk|Yogurt,4
T01185,2026-09-09,Premium,Cereal|Milk,2
T01186,2026-10-10,Value,Bread|Butter|Milk|Yogurt,4
T01187,2026-11-11,Value,Biscuits|Cereal|Coffee|Milk,4
T01188,2026-12-12,Premium,Bread|Butter,2
T01189,2026-01-13,Value,Bread|Butter|Milk|Pasta,4
T01190,2026-02-14,Premium,Cereal|Milk,2
T01191,2026-03-15,Value,Biscuits|Bread|Coffee|Milk,4
T01192,2026-04-16,Regular,Bread|Butter|Milk,3
T01193,2026-05-17,Regular,Cheese|Pasta|Tomato Sauce|Yogurt,4
T01194,2026-06-18,Regular,Bread|Butter|Chicken|Pasta,4
T01195,2026-07-19,Premium,Biscuits|Bread|Butter|Coffee|Eggs,5
T01196,2026-08-20,Regular,Biscuits|Coffee|Milk,3
T01197,2026-09-21,Value,Milk|Pasta|Tomato Sauce,3
T01198,2026-10-22,Regular,Biscuits|Coffee|Milk,3
T01199,2026-11-23,Premium,Bread|Butter|Chips|Milk,4
T01200,2026-12-24,Value,Bread|Butter,2
T01201,2026-01-25,Premium,Biscuits|Bread|Cereal|Chicken|Coffee|Milk,6
T01202,2026-02-26,Regular,Butter|Cheese|Chips|Pasta|Tomato Sauce,5
T01203,2026-03-27,Regular,Butter|Cheese|Pasta|Tomato Sauce,4
T01204,2026-04-28,Value,Butter|Chicken|Pasta|Tomato Sauce,4
T01205,2026-05-01,Premium,Biscuits|Coffee|Eggs,3
T01206,2026-06-02,Regular,Biscuits|Chicken|Coffee|Juice|Milk|Yogurt,6
T01207,2026-07-03,Regular,Butter|Chicken|Pasta,3
T01208,2026-08-04,Value,Chicken|Pasta,2
T01209,2026-09-05,Regular,Milk|Pasta|Tomato Sauce,3
T01210,2026-10-06,Premium,Biscuits|Cheese|Coffee|Milk,4
T01211,2026-11-07,Value,Biscuits|Coffee,2
T01212,2026-12-08,Premium,Cereal|Chips|Milk,3
T01213,2026-01-09,Regular,Bread|Butter|Milk,3
T01214,2026-02-10,Regular,Biscuits|Bread|Coffee|Milk|Tomato Sauce,5
T01215,2026-03-11,Premium,Pasta|Tomato Sauce,2
T01216,2026-04-12,Premium,Biscuits|Cereal|Chicken|Milk,4
T01217,2026-05-13,Premium,Cheese|Milk|Pasta|Tomato Sauce,4
T01218,2026-06-14,Regular,Bread|Butter|Coffee|Milk,4
T01219,2026-07-15,Regular,Bread|Butter|Coffee|Milk|Tea,5
T01220,2026-08-16,Value,Cereal|Milk|Yogurt,3
T01221,2026-09-17,Value,Cheese|Milk|Pasta|Tomato Sauce,4
T01222,2026-10-18,Premium,Biscuits|Coffee|Milk|Pasta,4
T01223,2026-11-19,Premium,Cheese|Pasta|Tomato Sauce,3
T01224,2026-12-20,Value,Bread|Butter|Milk,3
T01225,2026-01-21,Regular,Biscuits|Cheese|Chips|Coffee|Pasta|Tomato Sauce,6
T01226,2026-02-22,Premium,Bread|Butter|Eggs|Milk,4
T01227,2026-03-23,Value,Biscuits|Pasta|Tomato Sauce,3
T01228,2026-04-24,Value,Bread|Butter|Chicken|Eggs|Milk,5
T01229,2026-05-25,Value,Bread|Butter,2
T01230,2026-06-26,Regular,Chicken|Pasta|Tea|Tomato Sauce,4
T01231,2026-07-27,Premium,Cereal|Cheese|Milk|Pasta,4
T01232,2026-08-28,Value,Bread|Butter|Cheese|Milk,4
T01233,2026-09-01,Value,Cereal|Milk,2
T01234,2026-10-02,Value,Biscuits|Coffee|Milk,3
T01235,2026-11-03,Value,Cheese|Chips|Coffee|Pasta|Tea|Tomato Sauce,6
T01236,2026-12-04,Premium,Bread|Butter|Cheese|Chicken|Eggs|Milk,6
T01237,2026-01-05,Value,Pasta|Tomato Sauce,2
T01238,2026-02-06,Premium,Biscuits|Chips|Coffee|Eggs,4
T01239,2026-03-07,Value,Bread|Butter|Chips|Tomato Sauce,4
T01240,2026-04-08,Regular,Bread|Cheese|Chips|Pasta|Tomato Sauce,5
T01241,2026-05-09,Value,Bread|Butter|Milk,3
T01242,2026-06-10,Value,Butter|Cheese|Pasta|Tomato Sauce,4
T01243,2026-07-11,Regular,Butter|Cereal|Milk|Yogurt,4
T01244,2026-08-12,Value,Bread|Butter|Juice,3
T01245,2026-09-13,Value,Cereal|Milk,2
T01246,2026-10-14,Premium,Bread|Butter|Milk|Tea,4
T01247,2026-11-15,Value,Biscuits|Chips|Milk|Pasta|Tomato Sauce,5
T01248,2026-12-16,Premium,Bread|Butter,2
T01249,2026-01-17,Premium,Bread|Butter|Milk,3
T01250,2026-02-18,Premium,Bread|Butter|Chicken|Eggs|Juice|Milk,6
T01251,2026-03-19,Regular,Bread|Butter|Milk|Tea,4
T01252,2026-04-20,Premium,Biscuits|Cereal|Coffee|Milk,4
T01253,2026-05-21,Regular,Bread|Butter|Milk|Pasta,4
T01254,2026-06-22,Value,Bread|Cereal|Milk,3
T01255,2026-07-23,Value,Cheese|Coffee|Eggs|Juice|Pasta|Tomato Sauce,6
T01256,2026-08-24,Value,Bread|Butter|Cereal|Milk,4
T01257,2026-09-25,Premium,Bread|Cereal|Milk|Yogurt,4
T01258,2026-10-26,Regular,Cheese|Juice|Pasta|Tomato Sauce,4
T01259,2026-11-27,Value,Bread|Cheese|Pasta|Tomato Sauce,4
T01260,2026-12-28,Premium,Biscuits|Bread|Butter|Cereal|Milk,5
T01261,2026-01-01,Premium,Biscuits|Butter|Coffee|Milk,4
T01262,2026-02-02,Premium,Bread|Cereal|Milk,3
T01263,2026-03-03,Value,Biscuits|Coffee|Eggs|Milk,4
T01264,2026-04-04,Premium,Biscuits|Coffee,2
T01265,2026-05-05,Regular,Biscuits|Coffee|Milk,3
T01266,2026-06-06,Premium,Bread|Butter,2
T01267,2026-07-07,Regular,Cheese|Pasta|Tomato Sauce,3
T01268,2026-08-08,Premium,Biscuits|Bread|Coffee|Milk,4
T01269,2026-09-09,Value,Biscuits|Bread|Butter|Cereal|Tomato Sauce,5
T01270,2026-10-10,Value,Chips|Juice|Milk|Pasta|Tomato Sauce,5
T01271,2026-11-11,Value,Chicken|Pasta|Tomato Sauce,3
T01272,2026-12-12,Premium,Cheese|Pasta|Tomato Sauce,3
T01273,2026-01-13,Value,Cheese|Eggs|Pasta|Tomato Sauce|Yogurt,5
T01274,2026-02-14,Premium,Bread|Chicken|Pasta|Tomato Sauce,4
T01275,2026-03-15,Regular,Cereal|Chips|Milk|Tea|Yogurt,5
T01276,2026-04-16,Value,Biscuits|Chips|Coffee|Milk,4
T01277,2026-05-17,Premium,Chips|Pasta|Tomato Sauce,3
T01278,2026-06-18,Premium,Bread|Cheese|Pasta|Tomato Sauce,4
T01279,2026-07-19,Value,Biscuits|Bread|Butter|Juice|Pasta,5
T01280,2026-08-20,Premium,Cheese|Eggs|Pasta|Tomato Sauce,4
T01281,2026-09-21,Regular,Cheese|Chicken|Chips|Pasta|Tea,5
T01282,2026-10-22,Regular,Bread|Butter|Milk,3
T01283,2026-11-23,Value,Bread|Cheese|Pasta|Tomato Sauce,4
T01284,2026-12-24,Value,Biscuits|Coffee|Milk,3
T01285,2026-01-25,Value,Bread|Butter|Milk,3
T01286,2026-02-26,Value,Bread|Cereal|Chicken|Milk,4
T01287,2026-03-27,Premium,Bread|Butter|Milk,3
T01288,2026-04-28,Premium,Biscuits|Cereal|Coffee|Milk,4
T01289,2026-05-01,Regular,Pasta|Tomato Sauce,2
T01290,2026-06-02,Regular,Biscuits|Bread|Cheese|Coffee|Milk,5
T01291,2026-07-03,Premium,Biscuits|Cheese|Chicken|Coffee|Juice|Pasta|Tomato Sauce,7
T01292,2026-08-04,Premium,Bread|Butter|Pasta,3
T01293,2026-09-05,Premium,Biscuits|Coffee|Eggs,3
T01294,2026-10-06,Premium,Biscuits|Bread|Butter|Coffee|Milk,5
T01295,2026-11-07,Regular,Chicken|Coffee|Pasta|Tomato Sauce,4
T01296,2026-12-08,Regular,Cereal|Cheese|Milk|Yogurt,4
T01297,2026-01-09,Premium,Biscuits|Coffee|Milk|Tea,4
T01298,2026-02-10,Regular,Bread|Butter,2
T01299,2026-03-11,Premium,Biscuits|Chicken|Chips|Coffee,4
T01300,2026-04-12,Premium,Bread|Butter|Milk|Yogurt,4
T01301,2026-05-13,Value,Bread|Butter|Milk|Pasta|Tea,5
T01302,2026-06-14,Regular,Bread|Butter,2
T01303,2026-07-15,Regular,Bread|Butter,2
T01304,2026-08-16,Value,Cheese|Pasta|Tomato Sauce,3
T01305,2026-09-17,Regular,Biscuits|Cheese|Coffee,3
T01306,2026-10-18,Premium,Biscuits|Butter|Cereal|Milk|Pasta|Tea,6
T01307,2026-11-19,Value,Cheese|Eggs|Milk|Pasta|Tomato Sauce,5
T01308,2026-12-20,Value,Cheese|Chicken|Pasta|Tomato Sauce,4
T01309,2026-01-21,Premium,Biscuits|Bread|Cereal|Coffee|Milk|Tea,6
T01310,2026-02-22,Premium,Biscuits|Coffee|Milk|Tea,4
T01311,2026-03-23,Regular,Cereal|Chicken|Chips|Juice|Pasta,5
T01312,2026-04-24,Premium,Bread|Butter|Milk|Yogurt,4
T01313,2026-05-25,Value,Biscuits|Chips|Coffee|Milk|Pasta,5
T01314,2026-06-26,Premium,Cheese|Pasta|Tomato Sauce,3
T01315,2026-07-27,Regular,Bread|Butter|Milk,3
T01316,2026-08-28,Value,Bread|Cereal|Chicken|Milk,4
T01317,2026-09-01,Value,Biscuits|Chicken|Pasta|Tomato Sauce|Yogurt,5
T01318,2026-10-02,Regular,Bread|Milk|Pasta|Tomato Sauce,4
T01319,2026-11-03,Value,Chicken|Eggs|Milk|Pasta|Tomato Sauce,5
T01320,2026-12-04,Value,Bread|Butter|Milk,3
T01321,2026-01-05,Regular,Chicken|Pasta,2
T01322,2026-02-06,Regular,Cheese|Pasta|Tomato Sauce,3
T01323,2026-03-07,Premium,Biscuits|Chicken|Coffee|Juice|Milk,5
T01324,2026-04-08,Value,Biscuits|Bread|Coffee|Eggs|Pasta|Tomato Sauce,6
T01325,2026-05-09,Value,Biscuits|Chicken|Coffee|Milk,4
T01326,2026-06-10,Premium,Bread|Butter|Cheese|Pasta|Tomato Sauce|Yogurt,6
T01327,2026-07-11,Regular,Bread|Cereal|Juice|Milk|Yogurt,5
T01328,2026-08-12,Premium,Cereal|Milk|Yogurt,3
T01329,2026-09-13,Premium,Bread|Butter|Cheese|Chicken|Coffee|Juice|Milk,7
T01330,2026-10-14,Premium,Bread|Cereal|Chips|Eggs|Milk|Tomato Sauce|Yogurt,7
T01331,2026-11-15,Regular,Cheese|Pasta|Tomato Sauce,3
T01332,2026-12-16,Regular,Bread|Butter|Chips|Coffee|Eggs|Milk,6
T01333,2026-01-17,Value,Bread|Cereal|Milk,3
T01334,2026-02-18,Value,Bread|Butter|Coffee,3
T01335,2026-03-19,Value,Biscuits|Bread|Butter|Juice|Milk|Tea,6
T01336,2026-04-20,Premium,Cheese|Pasta|Tomato Sauce,3
T01337,2026-05-21,Regular,Chicken|Coffee|Pasta,3
T01338,2026-06-22,Premium,Bread|Butter,2
T01339,2026-07-23,Value,Bread|Butter|Pasta,3
T01340,2026-08-24,Value,Bread|Butter|Cheese|Chips|Coffee,5
T01341,2026-09-25,Regular,Cheese|Juice|Pasta|Tomato Sauce|Yogurt,5
T01342,2026-10-26,Value,Bread|Butter|Milk|Pasta,4
T01343,2026-11-27,Premium,Biscuits|Bread|Cereal|Juice|Milk|Yogurt,6
T01344,2026-12-28,Value,Biscuits|Butter|Coffee|Milk,4
T01345,2026-01-01,Regular,Cheese|Milk|Pasta|Tomato Sauce,4
T01346,2026-02-02,Regular,Biscuits|Bread|Coffee|Milk,4
T01347,2026-03-03,Value,Biscuits|Coffee|Milk,3
T01348,2026-04-04,Regular,Bread|Butter|Eggs|Milk,4
T01349,2026-05-05,Premium,Biscuits|Coffee|Eggs|Milk,4
T01350,2026-06-06,Premium,Bread|Butter|Coffee|Milk,4
T01351,2026-07-07,Premium,Bread|Butter,2
T01352,2026-08-08,Value,Chips|Pasta|Tea|Tomato Sauce,4
T01353,2026-09-09,Regular,Biscuits|Chips|Coffee|Milk,4
T01354,2026-10-10,Regular,Biscuits|Butter|Coffee,3
T01355,2026-11-11,Premium,Bread|Butter|Milk,3
T01356,2026-12-12,Value,Cereal|Milk|Yogurt,3
T01357,2026-01-13,Premium,Biscuits|Chicken|Eggs|Pasta,4
T01358,2026-02-14,Regular,Bread|Butter,2
T01359,2026-03-15,Regular,Bread|Butter|Chips|Milk,4
T01360,2026-04-16,Regular,Bread|Butter|Cereal|Tea|Tomato Sauce,5
T01361,2026-05-17,Regular,Cheese|Pasta|Tomato Sauce,3
T01362,2026-06-18,Value,Biscuits|Butter|Coffee|Milk,4
T01363,2026-07-19,Regular,Bread|Butter|Eggs|Milk,4
T01364,2026-08-20,Regular,Bread|Butter|Coffee|Milk,4
T01365,2026-09-21,Regular,Biscuits|Chicken|Pasta|Tomato Sauce,4
T01366,2026-10-22,Premium,Biscuits|Cereal|Cheese|Milk|Yogurt,5
T01367,2026-11-23,Value,Bread|Butter|Cereal|Milk|Tea,5
T01368,2026-12-24,Regular,Biscuits|Coffee|Milk,3
T01369,2026-01-25,Regular,Biscuits|Coffee,2
T01370,2026-02-26,Regular,Pasta|Tomato Sauce|Yogurt,3
T01371,2026-03-27,Regular,Biscuits|Coffee|Milk|Tea,4
T01372,2026-04-28,Value,Biscuits|Bread|Cheese|Coffee|Pasta|Tomato Sauce,6
T01373,2026-05-01,Premium,Cereal|Eggs|Milk,3
T01374,2026-06-02,Value,Cereal|Chicken|Coffee|Milk|Pasta|Tomato Sauce,6
T01375,2026-07-03,Premium,Bread|Butter|Eggs|Milk|Tomato Sauce,5
T01376,2026-08-04,Value,Bread|Butter|Cheese|Milk,4
T01377,2026-09-05,Premium,Chicken|Chips|Milk|Pasta|Tomato Sauce,5
T01378,2026-10-06,Regular,Bread|Butter,2
T01379,2026-11-07,Regular,Cheese|Chicken|Pasta,3
T01380,2026-12-08,Value,Bread|Cheese|Pasta|Tomato Sauce,4
T01381,2026-01-09,Value,Bread|Butter,2
T01382,2026-02-10,Value,Butter|Cheese|Pasta|Tomato Sauce|Yogurt,5
T01383,2026-03-11,Premium,Bread|Butter|Juice|Milk,4
T01384,2026-04-12,Value,Bread|Butter,2
T01385,2026-05-13,Value,Cereal|Chicken|Eggs|Pasta,4
T01386,2026-06-14,Value,Chicken|Chips|Milk|Pasta,4
T01387,2026-07-15,Regular,Biscuits|Chips|Coffee|Milk|Tomato Sauce,5
T01388,2026-08-16,Regular,Bread|Butter|Milk|Yogurt,4
T01389,2026-09-17,Value,Bread|Butter|Chips|Coffee|Eggs|Pasta,6
T01390,2026-10-18,Regular,Bread|Butter|Coffee,3
T01391,2026-11-19,Regular,Chicken|Milk|Pasta|Tea|Tomato Sauce,5
T01392,2026-12-20,Value,Biscuits|Bread|Coffee|Milk,4
T01393,2026-01-21,Premium,Bread|Cereal|Chips|Milk|Yogurt,5
T01394,2026-02-22,Regular,Biscuits|Bread|Butter|Milk,4
T01395,2026-03-23,Regular,Biscuits|Cheese|Coffee|Milk|Yogurt,5
T01396,2026-04-24,Premium,Bread|Butter|Eggs|Milk|Tea,5
T01397,2026-05-25,Regular,Bread|Butter|Milk|Tomato Sauce,4
T01398,2026-06-26,Value,Biscuits|Chicken|Pasta|Tomato Sauce|Yogurt,5
T01399,2026-07-27,Regular,Chips|Pasta|Tomato Sauce|Yogurt,4
T01400,2026-08-28,Premium,Chicken|Pasta|Tomato Sauce,3
T01401,2026-09-01,Premium,Biscuits|Bread|Cheese|Pasta|Tomato Sauce,5
T01402,2026-10-02,Value,Biscuits|Bread|Butter|Milk|Pasta|Yogurt,6
T01403,2026-11-03,Premium,Biscuits|Chicken|Coffee,3
T01404,2026-12-04,Regular,Bread|Butter,2
T01405,2026-01-05,Value,Biscuits|Coffee|Tea,3
T01406,2026-02-06,Regular,Pasta|Tomato Sauce,2
T01407,2026-03-07,Regular,Chicken|Chips|Pasta|Tomato Sauce,4
T01408,2026-04-08,Regular,Biscuits|Coffee|Milk,3
T01409,2026-05-09,Premium,Cheese|Pasta|Tomato Sauce,3
T01410,2026-06-10,Regular,Pasta|Tomato Sauce,2
T01411,2026-07-11,Value,Cereal|Chicken|Pasta,3
T01412,2026-08-12,Regular,Bread|Cheese|Milk|Pasta|Tomato Sauce,5
T01413,2026-09-13,Premium,Cheese|Pasta|Tomato Sauce,3
T01414,2026-10-14,Regular,Biscuits|Bread|Butter|Coffee|Milk,5
T01415,2026-11-15,Value,Biscuits|Cereal|Coffee|Tomato Sauce,4
T01416,2026-12-16,Value,Cereal|Chicken|Milk|Tea,4
T01417,2026-01-17,Premium,Butter|Cereal|Pasta|Tomato Sauce,4
T01418,2026-02-18,Regular,Juice|Pasta|Tomato Sauce,3
T01419,2026-03-19,Value,Cheese|Chicken|Chips|Pasta|Tomato Sauce,5
T01420,2026-04-20,Value,Bread|Cheese|Juice|Pasta|Tomato Sauce,5
T01421,2026-05-21,Value,Biscuits|Cheese|Coffee,3
T01422,2026-06-22,Premium,Biscuits|Coffee|Milk,3
T01423,2026-07-23,Value,Chicken|Pasta|Tomato Sauce,3
T01424,2026-08-24,Value,Bread|Butter|Juice|Milk,4
T01425,2026-09-25,Regular,Bread|Butter|Eggs|Milk|Tea,5
T01426,2026-10-26,Value,Bread|Butter|Cheese|Chips,4
T01427,2026-11-27,Premium,Biscuits|Chicken|Eggs|Milk|Pasta|Tomato Sauce,6
T01428,2026-12-28,Premium,Cereal|Chips|Juice|Milk|Yogurt,5
T01429,2026-01-01,Premium,Bread|Cheese|Pasta|Tomato Sauce,4
T01430,2026-02-02,Regular,Cereal|Chicken|Eggs|Milk|Yogurt,5
T01431,2026-03-03,Value,Biscuits|Coffee|Milk,3
T01432,2026-04-04,Premium,Biscuits|Cereal|Milk|Pasta,4
T01433,2026-05-05,Value,Cereal|Coffee|Juice|Milk|Yogurt,5
T01434,2026-06-06,Premium,Biscuits|Cereal|Milk,3
T01435,2026-07-07,Regular,Bread|Butter|Milk|Pasta,4
T01436,2026-08-08,Premium,Biscuits|Coffee|Juice,3
T01437,2026-09-09,Premium,Chicken|Pasta|Tomato Sauce,3
T01438,2026-10-10,Regular,Biscuits|Bread|Coffee|Milk,4
T01439,2026-11-11,Premium,Bread|Butter|Milk,3
T01440,2026-12-12,Value,Bread|Butter|Milk,3
T01441,2026-01-13,Premium,Biscuits|Bread|Cheese|Coffee|Milk|Pasta,6
T01442,2026-02-14,Regular,Bread|Butter|Milk,3
T01443,2026-03-15,Value,Bread|Butter|Milk|Yogurt,4
T01444,2026-04-16,Premium,Biscuits|Coffee|Milk|Tomato Sauce,4
T01445,2026-05-17,Value,Biscuits|Coffee|Milk,3
T01446,2026-06-18,Premium,Eggs|Pasta|Tomato Sauce,3
T01447,2026-07-19,Regular,Bread|Butter|Cereal|Coffee|Eggs|Milk,6
T01448,2026-08-20,Premium,Bread|Butter|Juice|Milk,4
T01449,2026-09-21,Regular,Bread|Pasta|Tomato Sauce,3
T01450,2026-10-22,Regular,Bread|Butter,2
T01451,2026-11-23,Regular,Biscuits|Bread|Butter,3
T01452,2026-12-24,Value,Bread|Butter|Chips|Milk|Tea,5
T01453,2026-01-25,Premium,Bread|Butter|Milk,3
T01454,2026-02-26,Regular,Chicken|Juice|Pasta|Tomato Sauce,4
T01455,2026-03-27,Premium,Butter|Cereal|Cheese|Coffee|Pasta|Tea|Tomato Sauce,7
T01456,2026-04-28,Value,Bread|Cereal|Eggs|Milk|Yogurt,5
T01457,2026-05-01,Regular,Biscuits|Bread|Butter|Milk|Yogurt,5
T01458,2026-06-02,Regular,Cereal|Milk|Tomato Sauce,3
T01459,2026-07-03,Regular,Bread|Butter,2
T01460,2026-08-04,Premium,Biscuits|Bread|Butter|Chicken|Milk|Tea|Tomato Sauce,7
T01461,2026-09-05,Regular,Bread|Cereal|Cheese|Milk,4
T01462,2026-10-06,Regular,Cereal|Milk|Pasta|Yogurt,4
T01463,2026-11-07,Value,Biscuits|Bread|Butter|Milk,4
T01464,2026-12-08,Regular,Chicken|Pasta,2
T01465,2026-01-09,Regular,Bread|Butter|Milk|Pasta|Tea|Tomato Sauce,6
T01466,2026-02-10,Value,Bread|Butter|Chicken|Chips|Milk,5
T01467,2026-03-11,Regular,Bread|Butter|Chips|Milk,4
T01468,2026-04-12,Premium,Butter|Cereal|Chicken|Milk,4
T01469,2026-05-13,Regular,Cheese|Pasta|Tomato Sauce,3
T01470,2026-06-14,Regular,Cheese|Pasta|Tomato Sauce,3
T01471,2026-07-15,Regular,Biscuits|Bread|Chicken|Coffee|Milk|Pasta,6
T01472,2026-08-16,Regular,Chicken|Pasta|Tomato Sauce,3
T01473,2026-09-17,Value,Bread|Butter|Chicken|Milk,4
T01474,2026-10-18,Regular,Biscuits|Cereal|Cheese|Milk,4
T01475,2026-11-19,Regular,Biscuits|Cereal|Cheese|Chips|Milk|Yogurt,6
T01476,2026-12-20,Value,Biscuits|Chicken|Coffee,3
T01477,2026-01-21,Regular,Biscuits|Chicken|Pasta|Tomato Sauce,4
T01478,2026-02-22,Regular,Cheese|Pasta|Tomato Sauce,3
T01479,2026-03-23,Premium,Biscuits|Bread|Chips|Coffee|Eggs|Milk|Tomato Sauce,7
T01480,2026-04-24,Premium,Biscuits|Coffee|Juice|Milk|Tomato Sauce,5
T01481,2026-05-25,Premium,Biscuits|Coffee|Milk,3
T01482,2026-06-26,Value,Biscuits|Coffee|Milk,3
T01483,2026-07-27,Regular,Biscuits|Coffee|Milk,3
T01484,2026-08-28,Premium,Bread|Chicken|Chips|Pasta|Tomato Sauce,5
T01485,2026-09-01,Value,Biscuits|Bread|Butter,3
T01486,2026-10-02,Value,Biscuits|Coffee|Milk,3
T01487,2026-11-03,Value,Bread|Butter|Milk|Tea,4
T01488,2026-12-04,Premium,Butter|Cheese|Chicken|Pasta|Tomato Sauce,5
T01489,2026-01-05,Regular,Cheese|Juice|Milk|Pasta|Tomato Sauce,5
T01490,2026-02-06,Value,Bread|Cheese|Pasta|Tomato Sauce,4
T01491,2026-03-07,Premium,Cereal|Chicken|Milk|Pasta,4
T01492,2026-04-08,Value,Butter|Chicken|Eggs|Pasta|Tomato Sauce,5
T01493,2026-05-09,Regular,Biscuits|Coffee,2
T01494,2026-06-10,Value,Biscuits|Coffee|Juice,3
T01495,2026-07-11,Value,Cereal|Cheese|Eggs|Pasta|Tomato Sauce,5
T01496,2026-08-12,Regular,Bread|Butter|Milk|Tea,4
T01497,2026-09-13,Regular,Bread|Butter|Eggs|Milk,4
T01498,2026-10-14,Regular,Bread|Butter|Milk,3
T01499,2026-11-15,Regular,Bread|Butter,2
T01500,2026-12-16,Value,Bread|Butter|Tea,3
T01501,2026-01-17,Value,Cheese|Pasta|Tomato Sauce,3
T01502,2026-02-18,Value,Biscuits|Chips|Coffee|Eggs,4
T01503,2026-03-19,Value,Biscuits|Butter|Chips|Coffee|Eggs|Milk,6
T01504,2026-04-20,Premium,Biscuits|Bread|Butter|Coffee,4
T01505,2026-05-21,Premium,Cheese|Chips|Pasta|Tomato Sauce,4
T01506,2026-06-22,Value,Bread|Butter|Pasta,3
T01507,2026-07-23,Premium,Biscuits|Chicken|Pasta|Tomato Sauce,4
T01508,2026-08-24,Value,Biscuits|Bread|Chicken|Pasta|Tomato Sauce,5
T01509,2026-09-25,Regular,Bread|Chicken|Pasta,3
T01510,2026-10-26,Value,Cereal|Chips|Milk|Yogurt,4
T01511,2026-11-27,Regular,Biscuits|Bread|Chips|Coffee|Milk|Tomato Sauce,6
T01512,2026-12-28,Regular,Butter|Cereal|Juice|Milk|Yogurt,5
T01513,2026-01-01,Value,Cheese|Pasta|Tomato Sauce,3
T01514,2026-02-02,Premium,Cereal|Milk,2
T01515,2026-03-03,Premium,Bread|Butter,2
T01516,2026-04-04,Value,Cheese|Chips|Pasta|Tomato Sauce,4
T01517,2026-05-05,Value,Cereal|Eggs|Milk|Yogurt,4
T01518,2026-06-06,Premium,Bread|Butter|Eggs|Milk,4
T01519,2026-07-07,Value,Cereal|Juice|Milk,3
T01520,2026-08-08,Premium,Biscuits|Bread|Coffee|Milk,4
T01521,2026-09-09,Regular,Biscuits|Coffee|Eggs|Milk|Yogurt,5
T01522,2026-10-10,Value,Milk|Pasta|Tomato Sauce|Yogurt,4
T01523,2026-11-11,Regular,Cereal|Cheese|Juice|Milk,4
T01524,2026-12-12,Value,Bread|Chicken|Pasta|Tea|Tomato Sauce,5
T01525,2026-01-13,Value,Biscuits|Cereal|Milk,3
T01526,2026-02-14,Premium,Bread|Chicken|Coffee|Juice|Pasta,5
T01527,2026-03-15,Value,Bread|Butter|Chicken|Coffee|Eggs|Milk,6
T01528,2026-04-16,Value,Bread|Butter,2
T01529,2026-05-17,Premium,Bread|Butter,2
T01530,2026-06-18,Value,Pasta|Tomato Sauce|Yogurt,3
T01531,2026-07-19,Premium,Bread|Butter|Milk,3
T01532,2026-08-20,Value,Cheese|Eggs|Pasta|Tea|Tomato Sauce,5
T01533,2026-09-21,Value,Bread|Butter|Chips,3
T01534,2026-10-22,Premium,Cereal|Chicken|Coffee|Pasta|Tomato Sauce,5
T01535,2026-11-23,Value,Bread|Butter|Tomato Sauce,3
T01536,2026-12-24,Regular,Butter|Cereal|Chicken|Milk,4
T01537,2026-01-25,Regular,Cheese|Pasta|Tomato Sauce,3
T01538,2026-02-26,Premium,Biscuits|Cereal|Coffee|Eggs|Milk|Yogurt,6
T01539,2026-03-27,Value,Biscuits|Coffee|Milk,3
T01540,2026-04-28,Premium,Bread|Butter|Coffee|Milk,4
T01541,2026-05-01,Regular,Biscuits|Coffee|Tomato Sauce,3
T01542,2026-06-02,Premium,Eggs|Milk|Pasta|Tomato Sauce,4
T01543,2026-07-03,Regular,Biscuits|Bread|Butter|Chips|Eggs|Milk,6
T01544,2026-08-04,Premium,Biscuits|Coffee|Eggs|Milk,4
T01545,2026-09-05,Regular,Bread|Butter|Tomato Sauce,3
T01546,2026-10-06,Value,Cereal|Eggs|Milk,3
T01547,2026-11-07,Regular,Pasta|Tomato Sauce,2
T01548,2026-12-08,Premium,Chicken|Milk|Pasta|Tomato Sauce,4
T01549,2026-01-09,Value,Bread|Butter|Milk,3
T01550,2026-02-10,Premium,Cereal|Chicken|Eggs|Milk|Yogurt,5
T01551,2026-03-11,Regular,Biscuits|Chicken|Coffee|Eggs|Pasta|Tomato Sauce,6
T01552,2026-04-12,Regular,Bread|Butter,2
T01553,2026-05-13,Premium,Cheese|Chicken|Pasta|Tomato Sauce,4
T01554,2026-06-14,Premium,Bread|Butter|Chicken|Milk|Tea,5
T01555,2026-07-15,Premium,Bread|Butter|Chips|Tea,4
T01556,2026-08-16,Regular,Bread|Butter|Cheese|Pasta|Tomato Sauce,5
T01557,2026-09-17,Premium,Cheese|Pasta|Tomato Sauce,3
T01558,2026-10-18,Premium,Chicken|Juice|Pasta,3
T01559,2026-11-19,Regular,Biscuits|Bread|Coffee|Tomato Sauce,4
T01560,2026-12-20,Regular,Biscuits|Coffee|Milk|Tomato Sauce,4
T01561,2026-01-21,Regular,Biscuits|Coffee|Milk,3
T01562,2026-02-22,Premium,Bread|Butter|Chips|Milk,4
T01563,2026-03-23,Regular,Bread|Butter|Milk,3
T01564,2026-04-24,Premium,Bread|Butter|Coffee|Milk,4
T01565,2026-05-25,Regular,Bread|Butter|Cheese|Milk,4
T01566,2026-06-26,Value,Bread|Butter|Chicken|Milk,4
T01567,2026-07-27,Value,Biscuits|Coffee|Juice|Milk|Yogurt,5
T01568,2026-08-28,Premium,Bread|Butter|Chips|Coffee,4
T01569,2026-09-01,Regular,Bread|Butter,2
T01570,2026-10-02,Premium,Bread|Butter|Cheese|Chips,4
T01571,2026-11-03,Premium,Biscuits|Coffee|Eggs,3
T01572,2026-12-04,Regular,Biscuits|Chips|Coffee|Yogurt,4
T01573,2026-01-05,Regular,Bread|Butter,2
T01574,2026-02-06,Value,Cheese|Pasta|Tomato Sauce|Yogurt,4
T01575,2026-03-07,Value,Bread|Butter,2
T01576,2026-04-08,Value,Biscuits|Bread|Butter,3
T01577,2026-05-09,Regular,Cheese|Chicken|Eggs|Pasta|Tomato Sauce,5
T01578,2026-06-10,Value,Biscuits|Cereal|Milk|Yogurt,4
T01579,2026-07-11,Regular,Cereal|Milk,2
T01580,2026-08-12,Premium,Butter|Cereal|Juice|Milk,4
T01581,2026-09-13,Value,Biscuits|Coffee|Juice,3
T01582,2026-10-14,Regular,Pasta|Tomato Sauce,2
T01583,2026-11-15,Value,Biscuits|Coffee|Eggs|Milk,4
T01584,2026-12-16,Premium,Cereal|Milk|Yogurt,3
T01585,2026-01-17,Regular,Biscuits|Bread|Butter|Milk,4
T01586,2026-02-18,Value,Biscuits|Coffee|Milk,3
T01587,2026-03-19,Value,Cereal|Pasta|Tomato Sauce,3
T01588,2026-04-20,Premium,Bread|Butter|Milk,3
T01589,2026-05-21,Premium,Biscuits|Coffee|Milk,3
T01590,2026-06-22,Value,Biscuits|Coffee|Milk,3
T01591,2026-07-23,Premium,Bread|Butter|Cereal|Milk,4
T01592,2026-08-24,Premium,Bread|Butter|Coffee,3
T01593,2026-09-25,Value,Biscuits|Coffee,2
T01594,2026-10-26,Premium,Cereal|Milk|Yogurt,3
T01595,2026-11-27,Premium,Cereal|Milk|Tomato Sauce|Yogurt,4
T01596,2026-12-28,Regular,Biscuits|Coffee|Eggs|Milk,4
T01597,2026-01-01,Premium,Bread|Butter|Milk|Pasta|Tomato Sauce,5
T01598,2026-02-02,Value,Cereal|Milk|Tea|Yogurt,4
T01599,2026-03-03,Value,Biscuits|Bread|Coffee|Milk,4
T01600,2026-04-04,Value,Biscuits|Cereal|Milk,3
T01601,2026-05-05,Regular,Bread|Butter,2
T01602,2026-06-06,Premium,Cheese|Chicken|Eggs|Pasta|Tomato Sauce,5
T01603,2026-07-07,Value,Bread|Butter|Chips|Juice|Milk|Yogurt,6
T01604,2026-08-08,Value,Biscuits|Coffee|Milk,3
T01605,2026-09-09,Premium,Biscuits|Butter|Cheese|Pasta|Tea|Tomato Sauce,6
T01606,2026-10-10,Value,Biscuits|Coffee|Milk|Tea,4
T01607,2026-11-11,Regular,Cereal|Milk,2
T01608,2026-12-12,Value,Cheese|Milk|Pasta|Tomato Sauce|Yogurt,5
T01609,2026-01-13,Premium,Butter|Cheese|Pasta|Tomato Sauce,4
T01610,2026-02-14,Value,Biscuits|Coffee|Milk|Pasta|Tomato Sauce,5
T01611,2026-03-15,Regular,Biscuits|Chicken|Coffee|Pasta|Tomato Sauce,5
T01612,2026-04-16,Premium,Bread|Butter|Cereal|Milk|Tea,5
T01613,2026-05-17,Value,Biscuits|Coffee|Milk,3
T01614,2026-06-18,Regular,Biscuits|Coffee,2
T01615,2026-07-19,Regular,Bread|Butter|Cheese|Chicken|Milk|Tomato Sauce,6
T01616,2026-08-20,Premium,Chicken|Milk|Pasta,3
T01617,2026-09-21,Regular,Biscuits|Butter|Coffee|Milk,4
T01618,2026-10-22,Value,Cheese|Pasta|Tomato Sauce,3
T01619,2026-11-23,Premium,Biscuits|Coffee|Milk|Tea|Tomato Sauce,5
T01620,2026-12-24,Value,Biscuits|Coffee|Milk,3
T01621,2026-01-25,Value,Biscuits|Bread|Butter,3
T01622,2026-02-26,Premium,Biscuits|Chips|Coffee|Milk,4
T01623,2026-03-27,Regular,Cheese|Pasta|Tomato Sauce,3
T01624,2026-04-28,Value,Biscuits|Cereal|Milk,3
T01625,2026-05-01,Regular,Bread|Butter|Milk,3
T01626,2026-06-02,Premium,Bread|Butter|Milk,3
T01627,2026-07-03,Premium,Cereal|Milk,2
T01628,2026-08-04,Premium,Biscuits|Bread|Coffee|Milk,4
T01629,2026-09-05,Premium,Eggs|Pasta|Tomato Sauce,3
T01630,2026-10-06,Regular,Chicken|Pasta|Tea|Tomato Sauce|Yogurt,5
T01631,2026-11-07,Regular,Biscuits|Cheese|Chicken|Eggs|Pasta|Tomato Sauce|Yogurt,7
T01632,2026-12-08,Regular,Biscuits|Coffee,2
T01633,2026-01-09,Premium,Bread|Cereal|Chips|Milk|Pasta|Yogurt,6
T01634,2026-02-10,Value,Bread|Pasta|Tomato Sauce,3
T01635,2026-03-11,Premium,Bread|Butter,2
T01636,2026-04-12,Regular,Butter|Cheese|Milk|Pasta|Tomato Sauce,5
T01637,2026-05-13,Regular,Cheese|Eggs|Pasta|Tomato Sauce,4
T01638,2026-06-14,Regular,Bread|Butter|Eggs|Milk|Yogurt,5
T01639,2026-07-15,Value,Cereal|Milk|Yogurt,3
T01640,2026-08-16,Value,Biscuits|Cereal|Coffee|Eggs|Milk,5
T01641,2026-09-17,Value,Chicken|Coffee|Juice|Pasta,4
T01642,2026-10-18,Premium,Bread|Butter|Chips|Eggs|Juice,5
T01643,2026-11-19,Regular,Bread|Butter|Chicken|Coffee|Milk|Tomato Sauce,6
T01644,2026-12-20,Value,Cereal|Juice|Milk|Pasta|Yogurt,5
T01645,2026-01-21,Value,Biscuits|Bread|Cheese|Pasta|Tomato Sauce,5
T01646,2026-02-22,Value,Biscuits|Coffee,2
T01647,2026-03-23,Regular,Bread|Butter|Cereal|Juice,4
T01648,2026-04-24,Regular,Cereal|Milk|Yogurt,3
T01649,2026-05-25,Premium,Butter|Cheese|Chips|Pasta|Tomato Sauce,5
T01650,2026-06-26,Value,Bread|Butter|Pasta,3
T01651,2026-07-27,Regular,Bread|Milk|Pasta|Tomato Sauce,4
T01652,2026-08-28,Premium,Coffee|Milk|Pasta|Tomato Sauce,4
T01653,2026-09-01,Value,Bread|Butter|Eggs|Pasta|Tea|Tomato Sauce,6
T01654,2026-10-02,Value,Bread|Chicken|Eggs|Pasta|Tomato Sauce,5
T01655,2026-11-03,Value,Cereal|Juice|Milk|Yogurt,4
T01656,2026-12-04,Value,Biscuits|Bread|Coffee|Eggs|Milk,5
T01657,2026-01-05,Value,Milk|Pasta|Tomato Sauce,3
T01658,2026-02-06,Regular,Pasta|Tomato Sauce,2
T01659,2026-03-07,Regular,Bread|Butter|Chips|Milk,4
T01660,2026-04-08,Value,Bread|Cereal|Milk,3
T01661,2026-05-09,Premium,Biscuits|Coffee,2
T01662,2026-06-10,Premium,Bread|Butter|Cereal|Milk,4
T01663,2026-07-11,Regular,Bread|Butter|Chips,3
T01664,2026-08-12,Regular,Biscuits|Coffee|Milk|Tomato Sauce,4
T01665,2026-09-13,Premium,Biscuits|Coffee|Milk|Tea,4
T01666,2026-10-14,Premium,Cereal|Milk,2
T01667,2026-11-15,Premium,Bread|Butter|Milk,3
T01668,2026-12-16,Regular,Bread|Butter|Milk|Tomato Sauce|Yogurt,5
T01669,2026-01-17,Regular,Biscuits|Cheese|Chips|Juice|Milk|Pasta|Tomato Sauce|Yogurt,8
T01670,2026-02-18,Regular,Biscuits|Coffee|Milk,3
T01671,2026-03-19,Value,Chicken|Pasta,2
T01672,2026-04-20,Value,Coffee|Pasta|Tomato Sauce,3
T01673,2026-05-21,Value,Bread|Eggs|Pasta|Tomato Sauce,4
T01674,2026-06-22,Value,Biscuits|Chicken|Pasta|Tomato Sauce|Yogurt,5
T01675,2026-07-23,Premium,Juice|Pasta|Tomato Sauce|Yogurt,4
T01676,2026-08-24,Value,Biscuits|Chips|Coffee,3
T01677,2026-09-25,Premium,Bread|Butter,2
T01678,2026-10-26,Premium,Bread|Butter|Chicken|Coffee|Milk,5
T01679,2026-11-27,Regular,Bread|Butter|Milk,3
T01680,2026-12-28,Premium,Biscuits|Coffee|Eggs|Milk,4
T01681,2026-01-01,Premium,Cereal|Cheese|Milk|Pasta|Yogurt,5
T01682,2026-02-02,Premium,Cheese|Pasta|Tomato Sauce,3
T01683,2026-03-03,Regular,Cheese|Chicken|Chips|Eggs|Milk|Pasta|Tomato Sauce,7
T01684,2026-04-04,Regular,Bread|Cheese|Chips|Pasta|Tomato Sauce,5
T01685,2026-05-05,Value,Chicken|Milk|Pasta,3
T01686,2026-06-06,Premium,Bread|Chicken|Chips|Pasta|Yogurt,5
T01687,2026-07-07,Premium,Pasta|Tomato Sauce,2
T01688,2026-08-08,Regular,Chicken|Pasta|Tomato Sauce,3
T01689,2026-09-09,Value,Bread|Butter|Eggs,3
T01690,2026-10-10,Value,Chicken|Pasta|Tomato Sauce|Yogurt,4
T01691,2026-11-11,Value,Chicken|Coffee|Eggs|Pasta,4
T01692,2026-12-12,Premium,Biscuits|Coffee,2
T01693,2026-01-13,Regular,Biscuits|Cheese|Pasta|Tomato Sauce,4
T01694,2026-02-14,Regular,Cereal|Milk|Tomato Sauce,3
T01695,2026-03-15,Regular,Biscuits|Cereal|Coffee|Milk,4
T01696,2026-04-16,Regular,Cheese|Pasta|Tomato Sauce,3
T01697,2026-05-17,Value,Cheese|Coffee|Pasta|Tomato Sauce,4
T01698,2026-06-18,Premium,Pasta|Tomato Sauce,2
T01699,2026-07-19,Premium,Bread|Butter|Milk,3
T01700,2026-08-20,Premium,Biscuits|Cheese|Coffee|Milk,4
T01701,2026-09-21,Value,Cereal|Milk|Tomato Sauce,3
T01702,2026-10-22,Regular,Bread|Cereal|Chips|Milk|Yogurt,5
T01703,2026-11-23,Premium,Biscuits|Cereal|Cheese|Coffee|Juice,5
T01704,2026-12-24,Premium,Biscuits|Coffee|Milk,3
T01705,2026-01-25,Value,Biscuits|Bread|Chicken|Coffee,4
T01706,2026-02-26,Premium,Cheese|Pasta|Tomato Sauce,3
T01707,2026-03-27,Premium,Chicken|Milk|Pasta|Tea,4
T01708,2026-04-28,Premium,Bread|Butter|Milk|Pasta,4
T01709,2026-05-01,Premium,Bread|Butter|Coffee|Milk,4
T01710,2026-06-02,Regular,Biscuits|Cereal|Milk|Yogurt,4
T01711,2026-07-03,Value,Cereal|Cheese|Eggs|Milk,4
T01712,2026-08-04,Regular,Bread|Butter|Coffee,3
T01713,2026-09-05,Value,Biscuits|Bread|Butter,3
T01714,2026-10-06,Value,Biscuits|Butter|Coffee|Pasta|Tomato Sauce,5
T01715,2026-11-07,Premium,Bread|Butter|Milk,3
T01716,2026-12-08,Regular,Biscuits|Cheese|Chicken|Chips|Coffee|Milk,6
T01717,2026-01-09,Premium,Cereal|Milk|Pasta,3
T01718,2026-02-10,Value,Bread|Butter|Juice|Milk|Tea,5
T01719,2026-03-11,Regular,Cheese|Chips|Pasta|Tomato Sauce|Yogurt,5
T01720,2026-04-12,Regular,Biscuits|Coffee|Eggs|Milk|Pasta,5
T01721,2026-05-13,Value,Biscuits|Bread|Butter|Chicken|Milk,5
T01722,2026-06-14,Regular,Bread|Butter|Milk,3
T01723,2026-07-15,Value,Cheese|Pasta|Tomato Sauce,3
T01724,2026-08-16,Premium,Cheese|Milk|Pasta|Tomato Sauce,4
T01725,2026-09-17,Regular,Bread|Butter|Coffee|Milk,4
T01726,2026-10-18,Premium,Biscuits|Bread|Butter|Milk,4
T01727,2026-11-19,Value,Biscuits|Cheese|Chicken|Coffee|Milk,5
T01728,2026-12-20,Value,Bread|Butter|Milk,3
T01729,2026-01-21,Regular,Bread|Butter|Milk|Tea,4
T01730,2026-02-22,Premium,Cheese|Eggs|Pasta|Tomato Sauce,4
T01731,2026-03-23,Value,Biscuits|Coffee|Milk,3
T01732,2026-04-24,Premium,Biscuits|Cheese|Eggs|Pasta|Tomato Sauce,5
T01733,2026-05-25,Regular,Bread|Cereal|Milk|Yogurt,4
T01734,2026-06-26,Premium,Pasta|Tomato Sauce,2
T01735,2026-07-27,Regular,Bread|Butter|Milk,3
T01736,2026-08-28,Value,Cereal|Milk|Tea,3
T01737,2026-09-01,Regular,Bread|Butter|Eggs,3
T01738,2026-10-02,Regular,Bread|Butter|Milk|Tea,4
T01739,2026-11-03,Premium,Cereal|Milk|Yogurt,3
T01740,2026-12-04,Premium,Biscuits|Chips|Coffee,3
T01741,2026-01-05,Regular,Bread|Butter|Chips,3
T01742,2026-02-06,Premium,Bread|Butter,2
T01743,2026-03-07,Regular,Bread|Chicken|Pasta|Tea|Tomato Sauce,5
T01744,2026-04-08,Regular,Biscuits|Chicken|Coffee,3
T01745,2026-05-09,Premium,Bread|Butter|Eggs|Juice|Milk,5
T01746,2026-06-10,Value,Cheese|Chicken|Chips|Milk|Pasta|Tomato Sauce|Yogurt,7
T01747,2026-07-11,Premium,Biscuits|Coffee|Milk,3
T01748,2026-08-12,Value,Biscuits|Coffee|Milk|Tea,4
T01749,2026-09-13,Regular,Bread|Butter|Coffee|Milk,4
T01750,2026-10-14,Premium,Bread|Butter,2
T01751,2026-11-15,Regular,Bread|Butter|Chicken|Eggs,4
T01752,2026-12-16,Premium,Biscuits|Bread|Coffee,3
T01753,2026-01-17,Value,Chips|Pasta|Tomato Sauce,3
T01754,2026-02-18,Regular,Cereal|Cheese|Coffee|Milk|Pasta|Tomato Sauce|Yogurt,7
T01755,2026-03-19,Value,Bread|Cheese|Chicken|Coffee|Pasta,5
T01756,2026-04-20,Premium,Chicken|Pasta|Tomato Sauce,3
T01757,2026-05-21,Regular,Chicken|Coffee|Milk|Pasta,4
T01758,2026-06-22,Value,Biscuits|Coffee|Milk,3
T01759,2026-07-23,Regular,Biscuits|Pasta|Tomato Sauce,3
T01760,2026-08-24,Premium,Cereal|Chicken|Eggs|Pasta|Tomato Sauce,5
T01761,2026-09-25,Regular,Bread|Butter|Milk,3
T01762,2026-10-26,Value,Eggs|Pasta|Tea|Tomato Sauce,4
T01763,2026-11-27,Premium,Bread|Butter|Milk,3
T01764,2026-12-28,Regular,Bread|Butter|Cereal|Milk,4
T01765,2026-01-01,Value,Cereal|Milk,2
T01766,2026-02-02,Premium,Biscuits|Chicken|Milk|Pasta|Tomato Sauce,5
T01767,2026-03-03,Regular,Biscuits|Bread|Butter|Milk,4
T01768,2026-04-04,Premium,Bread|Butter,2
T01769,2026-05-05,Value,Cheese|Chicken|Coffee|Milk|Pasta|Tomato Sauce,6
T01770,2026-06-06,Premium,Bread|Butter|Cereal,3
T01771,2026-07-07,Regular,Bread|Butter|Milk,3
T01772,2026-08-08,Premium,Chicken|Pasta,2
T01773,2026-09-09,Regular,Bread|Butter|Chicken|Coffee|Milk,5
T01774,2026-10-10,Value,Eggs|Juice|Milk|Pasta|Tomato Sauce,5
T01775,2026-11-11,Regular,Biscuits|Coffee|Pasta,3
T01776,2026-12-12,Value,Biscuits|Coffee|Juice|Milk|Tomato Sauce,5
T01777,2026-01-13,Premium,Cheese|Juice|Pasta|Tomato Sauce,4
T01778,2026-02-14,Premium,Cereal|Coffee|Milk|Pasta,4
T01779,2026-03-15,Regular,Biscuits|Coffee|Milk,3
T01780,2026-04-16,Premium,Cheese|Milk|Pasta|Tea|Tomato Sauce,5
T01781,2026-05-17,Premium,Bread|Butter|Cheese|Milk,4
T01782,2026-06-18,Regular,Biscuits|Pasta|Tomato Sauce,3
T01783,2026-07-19,Regular,Biscuits|Pasta|Tomato Sauce,3
T01784,2026-08-20,Premium,Biscuits|Coffee|Tomato Sauce,3
T01785,2026-09-21,Premium,Cereal|Chips|Milk,3
T01786,2026-10-22,Premium,Biscuits|Bread|Coffee|Milk,4
T01787,2026-11-23,Regular,Bread|Butter|Eggs|Milk,4
T01788,2026-12-24,Regular,Biscuits|Bread|Coffee|Juice,4
T01789,2026-01-25,Premium,Bread|Butter|Cheese|Juice|Milk,5
T01790,2026-02-26,Regular,Cheese|Pasta|Tomato Sauce,3
T01791,2026-03-27,Premium,Bread|Butter|Milk,3
T01792,2026-04-28,Value,Biscuits|Bread|Coffee,3
T01793,2026-05-01,Value,Cereal|Coffee|Milk|Yogurt,4
T01794,2026-06-02,Value,Biscuits|Bread|Chips|Coffee|Eggs|Milk,6
T01795,2026-07-03,Premium,Bread|Butter|Chicken|Coffee|Milk,5
T01796,2026-08-04,Premium,Cheese|Milk|Pasta|Tomato Sauce,4
T01797,2026-09-05,Value,Eggs|Pasta|Tomato Sauce,3
T01798,2026-10-06,Value,Chicken|Eggs|Pasta|Tea,4
T01799,2026-11-07,Premium,Chicken|Chips|Pasta|Tomato Sauce,4
T01800,2026-12-08,Value,Bread|Butter|Milk,3
T01801,2026-01-09,Premium,Bread|Butter|Coffee|Milk,4
T01802,2026-02-10,Premium,Bread|Butter|Cheese|Milk|Tea|Yogurt,6
T01803,2026-03-11,Regular,Biscuits|Butter|Coffee|Milk|Yogurt,5
T01804,2026-04-12,Value,Cheese|Pasta|Tomato Sauce,3
T01805,2026-05-13,Value,Bread|Butter|Milk|Yogurt,4
T01806,2026-06-14,Value,Biscuits|Bread|Chicken|Coffee|Milk,5
T01807,2026-07-15,Value,Coffee|Eggs|Pasta|Tea|Tomato Sauce,5
T01808,2026-08-16,Premium,Biscuits|Bread|Butter|Milk,4
T01809,2026-09-17,Premium,Butter|Pasta|Tomato Sauce,3
T01810,2026-10-18,Premium,Bread|Butter|Milk,3
T01811,2026-11-19,Premium,Biscuits|Chips|Coffee|Milk,4
T01812,2026-12-20,Value,Cereal|Chicken|Coffee|Milk,4
T01813,2026-01-21,Value,Chips|Eggs|Pasta|Tomato Sauce,4
T01814,2026-02-22,Regular,Biscuits|Coffee|Milk,3
T01815,2026-03-23,Premium,Biscuits|Coffee|Milk|Tomato Sauce,4
T01816,2026-04-24,Premium,Cheese|Chips|Eggs|Pasta|Tomato Sauce,5
T01817,2026-05-25,Premium,Bread|Butter|Milk,3
T01818,2026-06-26,Value,Biscuits|Coffee|Milk|Tea|Tomato Sauce,5
T01819,2026-07-27,Regular,Chicken|Eggs|Pasta|Tomato Sauce,4
T01820,2026-08-28,Premium,Cereal|Coffee|Milk,3
T01821,2026-09-01,Value,Chicken|Pasta|Tomato Sauce,3
T01822,2026-10-02,Premium,Biscuits|Coffee|Milk,3
T01823,2026-11-03,Regular,Biscuits|Cereal|Coffee,3
T01824,2026-12-04,Value,Bread|Butter|Milk,3
T01825,2026-01-05,Regular,Biscuits|Coffee|Milk,3
T01826,2026-02-06,Regular,Biscuits|Coffee,2
T01827,2026-03-07,Premium,Bread|Butter|Coffee|Milk|Tea,5
T01828,2026-04-08,Premium,Bread|Chicken|Juice|Pasta,4
T01829,2026-05-09,Value,Biscuits|Butter|Chips|Coffee,4
T01830,2026-06-10,Regular,Chicken|Pasta,2
T01831,2026-07-11,Regular,Cereal|Chicken|Chips|Pasta|Tomato Sauce|Yogurt,6
T01832,2026-08-12,Premium,Biscuits|Cheese|Chicken|Pasta|Tea,5
T01833,2026-09-13,Value,Bread|Butter,2
T01834,2026-10-14,Value,Bread|Butter|Cheese|Eggs|Pasta|Tea|Tomato Sauce,7
T01835,2026-11-15,Premium,Chicken|Chips|Eggs|Pasta|Tomato Sauce,5
T01836,2026-12-16,Value,Biscuits|Chicken|Coffee|Milk,4
T01837,2026-01-17,Value,Biscuits|Butter|Cheese|Coffee|Juice|Milk|Pasta,7
T01838,2026-02-18,Regular,Biscuits|Coffee|Milk|Tea|Yogurt,5
T01839,2026-03-19,Premium,Bread|Butter|Milk,3
T01840,2026-04-20,Regular,Bread|Butter|Chips|Milk,4
T01841,2026-05-21,Premium,Cheese|Coffee|Milk|Pasta|Tea|Tomato Sauce,6
T01842,2026-06-22,Regular,Biscuits|Coffee|Milk,3
T01843,2026-07-23,Regular,Biscuits|Bread|Coffee|Milk,4
T01844,2026-08-24,Regular,Biscuits|Butter|Cheese|Coffee|Milk,5
T01845,2026-09-25,Value,Bread|Cereal|Cheese|Milk|Yogurt,5
T01846,2026-10-26,Value,Biscuits|Coffee|Milk|Tea,4
T01847,2026-11-27,Regular,Bread|Butter|Coffee|Eggs|Milk,5
T01848,2026-12-28,Premium,Bread|Butter|Juice|Milk,4
T01849,2026-01-01,Value,Cereal|Coffee|Milk,3
T01850,2026-02-02,Premium,Biscuits|Cereal|Cheese|Pasta|Tomato Sauce,5
T01851,2026-03-03,Regular,Bread|Chicken|Pasta|Tomato Sauce|Yogurt,5
T01852,2026-04-04,Premium,Bread|Butter|Milk,3
T01853,2026-05-05,Value,Biscuits|Bread|Coffee|Milk,4
T01854,2026-06-06,Premium,Cereal|Milk|Tomato Sauce,3
T01855,2026-07-07,Value,Biscuits|Cheese|Chicken|Pasta|Tomato Sauce,5
T01856,2026-08-08,Regular,Bread|Butter|Milk,3
T01857,2026-09-09,Premium,Biscuits|Coffee|Juice|Milk|Pasta,5
T01858,2026-10-10,Regular,Cheese|Pasta|Tomato Sauce,3
T01859,2026-11-11,Value,Biscuits|Coffee|Pasta,3
T01860,2026-12-12,Value,Cheese|Pasta|Tomato Sauce,3
T01861,2026-01-13,Value,Chicken|Milk|Pasta,3
T01862,2026-02-14,Value,Biscuits|Coffee|Milk,3
T01863,2026-03-15,Premium,Butter|Cereal|Milk|Yogurt,4
T01864,2026-04-16,Premium,Cereal|Eggs|Milk|Tea|Yogurt,5
T01865,2026-05-17,Premium,Chicken|Coffee|Pasta|Yogurt,4
T01866,2026-06-18,Value,Biscuits|Coffee|Milk,3
T01867,2026-07-19,Regular,Bread|Butter|Juice,3
T01868,2026-08-20,Regular,Bread|Butter|Coffee|Milk,4
T01869,2026-09-21,Value,Cheese|Chicken|Chips|Pasta,4
T01870,2026-10-22,Value,Biscuits|Bread|Cheese|Coffee,4
T01871,2026-11-23,Value,Cereal|Juice|Milk|Yogurt,4
T01872,2026-12-24,Value,Biscuits|Chips|Coffee|Milk,4
T01873,2026-01-25,Regular,Biscuits|Coffee,2
T01874,2026-02-26,Value,Bread|Butter|Milk,3
T01875,2026-03-27,Premium,Cheese|Juice|Milk|Pasta|Tomato Sauce,5
T01876,2026-04-28,Value,Biscuits|Chips|Coffee|Eggs|Milk,5
T01877,2026-05-01,Value,Biscuits|Coffee|Milk,3
T01878,2026-06-02,Value,Cereal|Milk|Yogurt,3
T01879,2026-07-03,Value,Biscuits|Butter|Pasta|Tomato Sauce,4
T01880,2026-08-04,Regular,Butter|Cheese|Pasta|Tomato Sauce,4
T01881,2026-09-05,Value,Bread|Butter|Eggs|Milk|Tea,5
T01882,2026-10-06,Premium,Cheese|Pasta|Tomato Sauce,3
T01883,2026-11-07,Regular,Butter|Cheese|Pasta|Tomato Sauce,4
T01884,2026-12-08,Value,Cereal|Coffee|Eggs|Milk,4
T01885,2026-01-09,Regular,Butter|Chicken|Pasta|Tomato Sauce,4
T01886,2026-02-10,Value,Biscuits|Bread|Butter|Coffee|Milk,5
T01887,2026-03-11,Premium,Biscuits|Coffee|Eggs|Pasta,4
T01888,2026-04-12,Regular,Bread|Butter|Milk,3
T01889,2026-05-13,Premium,Biscuits|Cereal|Chips|Coffee|Yogurt,5
T01890,2026-06-14,Premium,Biscuits|Coffee,2
T01891,2026-07-15,Value,Chicken|Pasta|Tomato Sauce,3
T01892,2026-08-16,Regular,Bread|Butter|Chicken|Milk|Yogurt,5
T01893,2026-09-17,Premium,Biscuits|Bread|Coffee|Milk|Tea|Yogurt,6
T01894,2026-10-18,Premium,Pasta|Tomato Sauce,2
T01895,2026-11-19,Regular,Bread|Butter|Milk,3
T01896,2026-12-20,Regular,Bread|Butter|Coffee|Eggs,4
T01897,2026-01-21,Regular,Cheese|Pasta|Tomato Sauce,3
T01898,2026-02-22,Value,Cereal|Chicken|Pasta,3
T01899,2026-03-23,Value,Chicken|Pasta|Tomato Sauce,3
T01900,2026-04-24,Premium,Biscuits|Coffee|Milk,3
T01901,2026-05-25,Premium,Cheese|Pasta|Tea|Tomato Sauce,4
T01902,2026-06-26,Premium,Bread|Pasta|Tomato Sauce,3
T01903,2026-07-27,Premium,Biscuits|Butter|Coffee|Milk,4
T01904,2026-08-28,Premium,Bread|Butter|Milk,3
T01905,2026-09-01,Regular,Cereal|Milk|Pasta|Tomato Sauce|Yogurt,5
T01906,2026-10-02,Regular,Biscuits|Cheese|Coffee|Pasta|Tomato Sauce,5
T01907,2026-11-03,Premium,Cereal|Cheese|Chicken|Chips|Pasta|Tea|Tomato Sauce|Yogurt,8
T01908,2026-12-04,Regular,Biscuits|Bread|Coffee|Milk,4
T01909,2026-01-05,Regular,Pasta|Tomato Sauce,2
T01910,2026-02-06,Premium,Butter|Chicken|Pasta|Tomato Sauce,4
T01911,2026-03-07,Regular,Biscuits|Chips|Coffee,3
T01912,2026-04-08,Value,Cereal|Cheese|Milk|Pasta|Tea|Tomato Sauce,6
T01913,2026-05-09,Regular,Pasta|Tomato Sauce,2
T01914,2026-06-10,Regular,Cereal|Milk|Yogurt,3
T01915,2026-07-11,Regular,Biscuits|Bread|Chicken|Coffee|Eggs,5
T01916,2026-08-12,Premium,Bread|Butter|Cereal|Milk,4
T01917,2026-09-13,Value,Biscuits|Cheese|Coffee|Pasta,4
T01918,2026-10-14,Premium,Bread|Butter|Milk,3
T01919,2026-11-15,Regular,Chicken|Chips|Pasta|Tomato Sauce,4
T01920,2026-12-16,Value,Cereal|Chicken|Milk|Yogurt,4
T01921,2026-01-17,Value,Biscuits|Coffee|Eggs|Tomato Sauce,4
T01922,2026-02-18,Premium,Chicken|Eggs|Pasta|Tomato Sauce,4
T01923,2026-03-19,Value,Bread|Butter|Milk,3
T01924,2026-04-20,Regular,Cheese|Milk|Pasta|Tea|Tomato Sauce,5
T01925,2026-05-21,Premium,Bread|Butter|Milk,3
T01926,2026-06-22,Regular,Bread|Cereal|Eggs|Milk|Yogurt,5
T01927,2026-07-23,Premium,Bread|Cereal|Cheese|Pasta|Tomato Sauce,5
T01928,2026-08-24,Regular,Bread|Butter|Milk,3
T01929,2026-09-25,Premium,Bread|Butter|Chips|Milk,4
T01930,2026-10-26,Premium,Bread|Butter|Chicken|Eggs|Milk|Yogurt,6
T01931,2026-11-27,Premium,Cereal|Milk|Yogurt,3
T01932,2026-12-28,Premium,Biscuits|Butter|Coffee|Milk,4
T01933,2026-01-01,Value,Chicken|Pasta|Yogurt,3
T01934,2026-02-02,Value,Biscuits|Butter|Coffee|Pasta,4
T01935,2026-03-03,Regular,Bread|Butter|Milk,3
T01936,2026-04-04,Value,Bread|Butter|Chicken|Pasta|Yogurt,5
T01937,2026-05-05,Regular,Biscuits|Coffee,2
T01938,2026-06-06,Regular,Cereal|Milk|Yogurt,3
T01939,2026-07-07,Premium,Bread|Butter|Milk,3
T01940,2026-08-08,Premium,Chicken|Juice|Pasta,3
T01941,2026-09-09,Premium,Pasta|Tea|Tomato Sauce,3
T01942,2026-10-10,Value,Cheese|Eggs|Pasta|Tomato Sauce,4
T01943,2026-11-11,Value,Cheese|Eggs|Milk|Pasta|Tomato Sauce,5
T01944,2026-12-12,Regular,Bread|Butter|Cereal|Eggs|Milk|Tomato Sauce,6
T01945,2026-01-13,Premium,Bread|Butter|Coffee|Juice|Tea,5
T01946,2026-02-14,Value,Biscuits|Bread|Butter|Tomato Sauce,4
T01947,2026-03-15,Premium,Cereal|Milk|Pasta|Tea|Tomato Sauce,5
T01948,2026-04-16,Regular,Bread|Butter|Milk,3
T01949,2026-05-17,Value,Bread|Butter|Chips,3
T01950,2026-06-18,Value,Chicken|Coffee|Pasta,3
T01951,2026-07-19,Value,Bread|Butter|Coffee|Milk,4
T01952,2026-08-20,Premium,Bread|Butter|Milk|Tomato Sauce,4
T01953,2026-09-21,Value,Cereal|Chips|Milk|Tea|Yogurt,5
T01954,2026-10-22,Value,Bread|Butter|Milk,3
T01955,2026-11-23,Regular,Bread|Butter,2
T01956,2026-12-24,Value,Bread|Butter|Milk,3
T01957,2026-01-25,Premium,Biscuits|Coffee,2
T01958,2026-02-26,Premium,Biscuits|Coffee|Milk,3
T01959,2026-03-27,Regular,Bread|Butter|Milk,3
T01960,2026-04-28,Regular,Cheese|Coffee|Pasta|Tomato Sauce,4
T01961,2026-05-01,Regular,Bread|Butter|Milk,3
T01962,2026-06-02,Premium,Bread|Chicken|Milk|Pasta|Tomato Sauce,5
T01963,2026-07-03,Regular,Bread|Butter|Cereal|Milk,4
T01964,2026-08-04,Value,Cheese|Coffee|Eggs|Pasta|Tomato Sauce,5
T01965,2026-09-05,Premium,Biscuits|Bread|Butter|Cereal|Milk|Yogurt,6
T01966,2026-10-06,Premium,Cheese|Pasta|Tea|Tomato Sauce,4
T01967,2026-11-07,Regular,Coffee|Pasta|Tomato Sauce,3
T01968,2026-12-08,Regular,Cereal|Chicken|Eggs|Pasta|Tomato Sauce|Yogurt,6
T01969,2026-01-09,Value,Bread|Chicken|Juice|Pasta,4
T01970,2026-02-10,Value,Cereal|Milk,2
T01971,2026-03-11,Regular,Biscuits|Bread|Coffee,3
T01972,2026-04-12,Value,Biscuits|Coffee,2
T01973,2026-05-13,Value,Cereal|Milk|Tea,3
T01974,2026-06-14,Premium,Biscuits|Bread|Butter,3
T01975,2026-07-15,Regular,Biscuits|Bread|Butter|Cheese,4
T01976,2026-08-16,Premium,Biscuits|Cereal|Cheese|Milk|Tea|Tomato Sauce,6
T01977,2026-09-17,Regular,Bread|Butter,2
T01978,2026-10-18,Value,Biscuits|Bread|Cereal|Coffee|Eggs|Juice|Milk,7
T01979,2026-11-19,Value,Biscuits|Coffee|Milk,3
T01980,2026-12-20,Value,Bread|Butter|Milk,3
T01981,2026-01-21,Regular,Chicken|Chips|Eggs|Milk|Pasta|Tomato Sauce,6
T01982,2026-02-22,Regular,Biscuits|Cheese|Pasta|Tomato Sauce,4
T01983,2026-03-23,Premium,Bread|Butter|Cereal|Milk,4
T01984,2026-04-24,Premium,Biscuits|Bread|Cereal|Chicken|Coffee|Eggs|Pasta,7
T01985,2026-05-25,Value,Bread|Cereal|Milk|Tomato Sauce,4
T01986,2026-06-26,Premium,Cereal|Eggs|Milk|Tomato Sauce,4
T01987,2026-07-27,Regular,Cereal|Chips|Milk|Yogurt,4
T01988,2026-08-28,Premium,Cheese|Pasta|Tomato Sauce,3
T01989,2026-09-01,Regular,Bread|Butter|Milk,3
T01990,2026-10-02,Premium,Butter|Cheese|Coffee|Eggs|Pasta|Tomato Sauce,6
T01991,2026-11-03,Premium,Biscuits|Bread|Butter|Coffee|Milk,5
T01992,2026-12-04,Regular,Biscuits|Coffee|Juice|Milk,4
T01993,2026-01-05,Premium,Biscuits|Butter|Cereal|Cheese|Coffee|Eggs|Juice,7
T01994,2026-02-06,Value,Biscuits|Bread|Cheese|Milk|Pasta|Tomato Sauce,6
T01995,2026-03-07,Premium,Biscuits|Cheese|Milk|Pasta|Tomato Sauce,5
T01996,2026-04-08,Premium,Bread|Butter|Milk|Pasta,4
T01997,2026-05-09,Regular,Cheese|Coffee|Pasta|Tomato Sauce,4
T01998,2026-06-10,Regular,Bread|Butter|Chicken|Milk,4
T01999,2026-07-11,Premium,Bread|Butter|Chicken|Eggs|Milk,5
T02000,2026-08-12,Regular,Bread|Butter|Milk,3
T02001,2026-09-13,Value,Biscuits|Cheese|Pasta|Tomato Sauce,4
T02002,2026-10-14,Regular,Bread|Cheese|Coffee|Pasta|Tomato Sauce,5
T02003,2026-11-15,Value,Bread|Butter,2
T02004,2026-12-16,Value,Cheese|Chips|Pasta|Tomato Sauce,4
T02005,2026-01-17,Regular,Chicken|Chips|Milk|Pasta|Tomato Sauce,5
T02006,2026-02-18,Value,Bread|Butter|Chicken|Milk,4
T02007,2026-03-19,Value,Bread|Butter|Milk|Tomato Sauce,4
T02008,2026-04-20,Premium,Biscuits|Cereal|Chips|Coffee|Milk,5
T02009,2026-05-21,Regular,Bread|Butter|Juice|Milk,4
T02010,2026-06-22,Value,Biscuits|Coffee|Milk,3
T02011,2026-07-23,Premium,Bread|Cereal|Chips|Eggs|Milk|Yogurt,6
T02012,2026-08-24,Regular,Biscuits|Butter|Coffee|Milk,4
T02013,2026-09-25,Regular,Biscuits|Coffee,2
T02014,2026-10-26,Premium,Cereal|Eggs|Milk|Pasta,4
T02015,2026-11-27,Premium,Cheese|Eggs|Pasta|Tomato Sauce,4
T02016,2026-12-28,Value,Biscuits|Coffee,2
T02017,2026-01-01,Value,Pasta|Tomato Sauce,2
T02018,2026-02-02,Regular,Bread|Butter|Coffee|Yogurt,4
T02019,2026-03-03,Regular,Chicken|Pasta,2
T02020,2026-04-04,Value,Cheese|Pasta|Tomato Sauce,3
T02021,2026-05-05,Regular,Biscuits|Chicken|Coffee|Milk,4
T02022,2026-06-06,Regular,Biscuits|Coffee|Milk,3
T02023,2026-07-07,Premium,Bread|Cereal|Chips|Milk|Yogurt,5
T02024,2026-08-08,Value,Biscuits|Coffee|Milk|Tomato Sauce,4
T02025,2026-09-09,Value,Biscuits|Coffee|Milk,3
T02026,2026-10-10,Regular,Biscuits|Chicken|Coffee|Milk,4
T02027,2026-11-11,Value,Chicken|Pasta|Tomato Sauce,3
T02028,2026-12-12,Value,Bread|Butter|Chips|Milk|Tea,5
T02029,2026-01-13,Premium,Bread|Butter|Juice|Yogurt,4
T02030,2026-02-14,Value,Biscuits|Coffee,2
T02031,2026-03-15,Premium,Bread|Butter|Cheese|Chicken|Eggs|Milk|Pasta,7
T02032,2026-04-16,Regular,Bread|Butter|Cheese|Chicken|Coffee|Milk|Yogurt,7
T02033,2026-05-17,Regular,Biscuits|Coffee|Milk|Yogurt,4
T02034,2026-06-18,Value,Bread|Cereal|Chicken|Pasta|Tomato Sauce,5
T02035,2026-07-19,Value,Biscuits|Pasta|Tea|Tomato Sauce,4
T02036,2026-08-20,Premium,Bread|Cereal|Milk,3
T02037,2026-09-21,Regular,Chicken|Pasta,2
T02038,2026-10-22,Value,Bread|Butter|Coffee,3
T02039,2026-11-23,Value,Cheese|Chips|Coffee|Pasta|Tomato Sauce,5
T02040,2026-12-24,Value,Biscuits|Coffee|Juice|Milk|Tea,5
T02041,2026-01-25,Premium,Bread|Cheese|Pasta|Tomato Sauce,4
T02042,2026-02-26,Value,Biscuits|Butter|Coffee|Milk,4
T02043,2026-03-27,Premium,Cereal|Milk|Yogurt,3
T02044,2026-04-28,Regular,Bread|Butter,2
T02045,2026-05-01,Premium,Biscuits|Coffee|Milk,3
T02046,2026-06-02,Premium,Bread|Butter|Cereal|Milk|Tea,5
T02047,2026-07-03,Regular,Biscuits|Bread|Coffee|Milk|Tea,5
T02048,2026-08-04,Value,Cereal|Milk,2
T02049,2026-09-05,Value,Biscuits|Coffee|Milk,3
T02050,2026-10-06,Value,Biscuits|Bread|Butter|Cheese|Juice|Yogurt,6
T02051,2026-11-07,Premium,Cheese|Milk|Pasta|Tomato Sauce,4
T02052,2026-12-08,Regular,Biscuits|Chips|Coffee|Milk,4
T02053,2026-01-09,Premium,Cereal|Cheese|Chicken|Milk|Pasta,5
T02054,2026-02-10,Value,Chicken|Pasta|Tomato Sauce,3
T02055,2026-03-11,Regular,Biscuits|Coffee|Milk,3
T02056,2026-04-12,Value,Bread|Butter|Milk,3
T02057,2026-05-13,Premium,Bread|Butter|Chicken|Coffee|Eggs|Milk,6
T02058,2026-06-14,Premium,Biscuits|Coffee|Milk|Tomato Sauce,4
T02059,2026-07-15,Value,Chicken|Chips|Juice|Pasta,4
T02060,2026-08-16,Premium,Chicken|Juice|Milk|Pasta,4
T02061,2026-09-17,Regular,Biscuits|Butter|Coffee|Milk,4
T02062,2026-10-18,Value,Bread|Butter|Eggs,3
T02063,2026-11-19,Regular,Biscuits|Coffee,2
T02064,2026-12-20,Value,Pasta|Tomato Sauce,2
T02065,2026-01-21,Value,Cereal|Milk|Yogurt,3
T02066,2026-02-22,Premium,Bread|Butter|Eggs|Milk,4
T02067,2026-03-23,Value,Butter|Cereal|Cheese|Chips|Pasta|Tomato Sauce|Yogurt,7
T02068,2026-04-24,Premium,Chips|Eggs|Milk|Pasta|Tomato Sauce,5
T02069,2026-05-25,Premium,Biscuits|Coffee|Eggs|Milk,4
T02070,2026-06-26,Premium,Bread|Butter|Chips|Juice|Milk,5
T02071,2026-07-27,Premium,Butter|Cereal|Milk,3
T02072,2026-08-28,Regular,Butter|Pasta|Tomato Sauce,3
T02073,2026-09-01,Regular,Bread|Butter|Milk|Tea,4
T02074,2026-10-02,Regular,Biscuits|Coffee|Eggs|Milk,4
T02075,2026-11-03,Premium,Bread|Cheese|Chicken|Pasta,4
T02076,2026-12-04,Premium,Bread|Butter|Chicken|Coffee|Milk,5
T02077,2026-01-05,Value,Bread|Butter|Milk,3
T02078,2026-02-06,Value,Cereal|Milk,2
T02079,2026-03-07,Regular,Cereal|Coffee|Eggs|Milk,4
T02080,2026-04-08,Value,Biscuits|Coffee|Tea,3
T02081,2026-05-09,Regular,Cheese|Pasta|Tea|Tomato Sauce|Yogurt,5
T02082,2026-06-10,Premium,Cereal|Chicken|Milk,3
T02083,2026-07-11,Value,Bread|Butter|Cereal|Milk,4
T02084,2026-08-12,Value,Biscuits|Coffee|Tea|Tomato Sauce,4
T02085,2026-09-13,Regular,Biscuits|Bread|Coffee,3
T02086,2026-10-14,Premium,Bread|Cereal|Milk|Yogurt,4
T02087,2026-11-15,Regular,Bread|Butter|Milk,3
T02088,2026-12-16,Regular,Bread|Butter|Juice|Milk,4
T02089,2026-01-17,Premium,Chicken|Coffee|Pasta|Tomato Sauce|Yogurt,5
T02090,2026-02-18,Value,Chicken|Pasta|Tea|Tomato Sauce,4
T02091,2026-03-19,Regular,Biscuits|Bread|Butter|Milk,4
T02092,2026-04-20,Value,Biscuits|Cereal|Chips|Milk|Yogurt,5
T02093,2026-05-21,Regular,Bread|Cheese|Eggs|Milk|Pasta|Tomato Sauce,6
T02094,2026-06-22,Premium,Cereal|Milk|Yogurt,3
T02095,2026-07-23,Regular,Chicken|Pasta|Tomato Sauce,3
T02096,2026-08-24,Value,Cereal|Milk,2
T02097,2026-09-25,Regular,Bread|Cereal|Coffee|Milk|Pasta,5
T02098,2026-10-26,Regular,Bread|Butter|Cheese,3
T02099,2026-11-27,Regular,Bread|Cereal|Cheese|Chicken|Pasta|Tomato Sauce,6
T02100,2026-12-28,Premium,Biscuits|Butter|Coffee|Yogurt,4
T02101,2026-01-01,Value,Bread|Butter,2
T02102,2026-02-02,Value,Cereal|Milk|Yogurt,3
T02103,2026-03-03,Value,Cereal|Milk|Yogurt,3
T02104,2026-04-04,Regular,Bread|Butter,2
T02105,2026-05-05,Value,Cheese|Eggs|Pasta|Tea|Tomato Sauce,5
T02106,2026-06-06,Premium,Biscuits|Coffee|Milk,3
T02107,2026-07-07,Regular,Bread|Butter|Milk,3
T02108,2026-08-08,Premium,Biscuits|Bread|Butter|Milk,4
T02109,2026-09-09,Regular,Bread|Butter|Eggs|Milk,4
T02110,2026-10-10,Premium,Cereal|Cheese|Milk|Yogurt,4
T02111,2026-11-11,Regular,Biscuits|Coffee|Eggs|Pasta,4
T02112,2026-12-12,Regular,Biscuits|Coffee|Eggs|Milk,4
T02113,2026-01-13,Premium,Biscuits|Coffee|Milk|Tea,4
T02114,2026-02-14,Regular,Bread|Butter|Milk,3
T02115,2026-03-15,Premium,Bread|Cereal|Milk|Tea,4
T02116,2026-04-16,Value,Bread|Cereal|Eggs|Milk|Pasta,5
T02117,2026-05-17,Value,Biscuits|Chicken|Coffee|Yogurt,4
T02118,2026-06-18,Value,Butter|Pasta|Tomato Sauce,3
T02119,2026-07-19,Regular,Bread|Butter|Cereal|Milk,4
T02120,2026-08-20,Premium,Biscuits|Coffee|Milk,3
T02121,2026-09-21,Value,Biscuits|Bread|Chicken|Coffee|Milk|Tomato Sauce,6
T02122,2026-10-22,Value,Biscuits|Cereal|Coffee,3
T02123,2026-11-23,Regular,Biscuits|Coffee|Pasta,3
T02124,2026-12-24,Value,Juice|Pasta|Tomato Sauce|Yogurt,4
T02125,2026-01-25,Premium,Cereal|Chicken|Chips|Pasta,4
T02126,2026-02-26,Regular,Bread|Butter|Tea,3
T02127,2026-03-27,Premium,Chicken|Coffee|Pasta|Tomato Sauce,4
T02128,2026-04-28,Regular,Bread|Butter|Coffee|Milk,4
T02129,2026-05-01,Value,Chicken|Milk|Pasta|Tomato Sauce,4
T02130,2026-06-02,Regular,Bread|Pasta|Tomato Sauce,3
T02131,2026-07-03,Value,Cereal|Milk|Pasta,3
T02132,2026-08-04,Value,Biscuits|Coffee|Eggs,3
T02133,2026-09-05,Value,Biscuits|Bread|Coffee,3
T02134,2026-10-06,Premium,Bread|Butter|Eggs|Milk,4
T02135,2026-11-07,Value,Bread|Butter|Cereal|Milk,4
T02136,2026-12-08,Regular,Bread|Butter|Chicken|Chips|Eggs|Milk,6
T02137,2026-01-09,Premium,Butter|Cheese|Pasta|Tomato Sauce,4
T02138,2026-02-10,Value,Biscuits|Coffee,2
T02139,2026-03-11,Value,Biscuits|Bread|Butter|Cheese|Chicken|Pasta,6
T02140,2026-04-12,Regular,Pasta|Tomato Sauce,2
T02141,2026-05-13,Premium,Cereal|Milk|Tea|Yogurt,4
T02142,2026-06-14,Value,Biscuits|Coffee|Milk|Tomato Sauce,4
T02143,2026-07-15,Value,Bread|Butter|Cheese|Pasta|Tomato Sauce,5
T02144,2026-08-16,Premium,Biscuits|Bread|Butter|Milk,4
T02145,2026-09-17,Value,Biscuits|Cereal|Milk|Yogurt,4
T02146,2026-10-18,Value,Cereal|Cheese|Milk|Yogurt,4
T02147,2026-11-19,Value,Biscuits|Coffee|Milk,3
T02148,2026-12-20,Premium,Biscuits|Coffee,2
T02149,2026-01-21,Value,Cereal|Cheese|Chicken|Milk|Pasta|Tomato Sauce,6
T02150,2026-02-22,Value,Biscuits|Coffee|Milk,3
T02151,2026-03-23,Regular,Biscuits|Coffee,2
T02152,2026-04-24,Premium,Bread|Butter|Cheese|Milk,4
T02153,2026-05-25,Value,Cereal|Milk|Yogurt,3
T02154,2026-06-26,Value,Butter|Chicken|Pasta,3
T02155,2026-07-27,Value,Bread|Butter|Cereal|Milk,4
T02156,2026-08-28,Premium,Biscuits|Pasta|Tomato Sauce,3
T02157,2026-09-01,Regular,Cereal|Cheese|Milk,3
T02158,2026-10-02,Premium,Bread|Butter|Juice|Milk,4
T02159,2026-11-03,Value,Bread|Butter|Eggs|Milk,4
T02160,2026-12-04,Regular,Chicken|Pasta,2
T02161,2026-01-05,Regular,Bread|Butter|Chips|Milk,4
T02162,2026-02-06,Value,Biscuits|Bread|Coffee|Eggs,4
T02163,2026-03-07,Value,Cheese|Chicken|Pasta,3
T02164,2026-04-08,Regular,Biscuits|Bread|Chips|Coffee|Milk,5
T02165,2026-05-09,Value,Cereal|Milk|Tea,3
T02166,2026-06-10,Value,Bread|Butter|Milk|Pasta,4
T02167,2026-07-11,Value,Biscuits|Bread|Butter|Chips|Milk|Tea,6
T02168,2026-08-12,Regular,Biscuits|Cereal|Milk|Tea|Yogurt,5
T02169,2026-09-13,Value,Biscuits|Coffee|Milk,3
T02170,2026-10-14,Regular,Cereal|Milk,2
T02171,2026-11-15,Value,Pasta|Tomato Sauce,2
T02172,2026-12-16,Premium,Biscuits|Coffee|Milk,3
T02173,2026-01-17,Regular,Cereal|Cheese|Chicken|Juice|Pasta|Tea,6
T02174,2026-02-18,Regular,Biscuits|Coffee|Milk,3
T02175,2026-03-19,Regular,Bread|Cheese|Coffee|Pasta|Tomato Sauce,5
T02176,2026-04-20,Value,Cereal|Cheese|Pasta|Tomato Sauce,4
T02177,2026-05-21,Value,Biscuits|Chicken|Pasta|Tomato Sauce,4
T02178,2026-06-22,Value,Cheese|Pasta|Tomato Sauce,3
T02179,2026-07-23,Regular,Bread|Butter,2
T02180,2026-08-24,Premium,Butter|Cheese|Coffee|Eggs|Pasta|Tomato Sauce,6
T02181,2026-09-25,Value,Butter|Cheese|Chips|Pasta|Tomato Sauce|Yogurt,6
T02182,2026-10-26,Value,Pasta|Tomato Sauce,2
T02183,2026-11-27,Regular,Biscuits|Coffee|Pasta,3
T02184,2026-12-28,Regular,Biscuits|Bread|Butter|Milk,4
T02185,2026-01-01,Regular,Bread|Butter|Milk,3
T02186,2026-02-02,Value,Bread|Butter|Milk,3
T02187,2026-03-03,Premium,Biscuits|Coffee|Milk,3
T02188,2026-04-04,Regular,Bread|Butter|Cheese|Coffee|Milk,5
T02189,2026-05-05,Regular,Biscuits|Chicken|Coffee,3
T02190,2026-06-06,Value,Chicken|Pasta,2
T02191,2026-07-07,Regular,Biscuits|Bread|Butter|Cereal|Tea,5
T02192,2026-08-08,Regular,Bread|Butter|Chips|Coffee,4
T02193,2026-09-09,Regular,Chicken|Pasta,2
T02194,2026-10-10,Premium,Biscuits|Cereal|Coffee|Milk|Pasta,5
T02195,2026-11-11,Regular,Biscuits|Coffee|Juice|Milk,4
T02196,2026-12-12,Regular,Biscuits|Bread|Chips|Coffee|Yogurt,5
T02197,2026-01-13,Value,Pasta|Tomato Sauce,2
T02198,2026-02-14,Value,Biscuits|Bread|Butter|Coffee|Milk|Yogurt,6
T02199,2026-03-15,Value,Butter|Chicken|Pasta,3
T02200,2026-04-16,Value,Bread|Butter,2
T02201,2026-05-17,Premium,Chicken|Chips|Pasta|Tomato Sauce,4
T02202,2026-06-18,Value,Cereal|Eggs|Milk,3
T02203,2026-07-19,Value,Biscuits|Eggs|Pasta|Tomato Sauce,4
T02204,2026-08-20,Premium,Biscuits|Chips|Coffee|Juice|Tea,5
T02205,2026-09-21,Value,Biscuits|Cereal|Chips|Coffee|Milk,5
T02206,2026-10-22,Premium,Biscuits|Coffee|Milk|Pasta,4
T02207,2026-11-23,Value,Biscuits|Coffee|Milk|Pasta,4
T02208,2026-12-24,Value,Cereal|Milk,2
T02209,2026-01-25,Regular,Biscuits|Bread|Coffee|Milk,4
T02210,2026-02-26,Regular,Pasta|Tomato Sauce,2
T02211,2026-03-27,Premium,Bread|Butter|Milk|Pasta,4
T02212,2026-04-28,Premium,Cereal|Milk,2
T02213,2026-05-01,Premium,Bread|Butter|Coffee|Milk,4
T02214,2026-06-02,Premium,Bread|Butter|Cheese|Milk,4
T02215,2026-07-03,Value,Butter|Cheese|Chips|Pasta|Tomato Sauce,5
T02216,2026-08-04,Premium,Bread|Butter,2
T02217,2026-09-05,Premium,Biscuits|Coffee|Milk,3
T02218,2026-10-06,Value,Cereal|Milk|Yogurt,3
T02219,2026-11-07,Value,Cereal|Eggs|Milk,3
T02220,2026-12-08,Regular,Biscuits|Cheese|Milk|Pasta|Tomato Sauce,5
T02221,2026-01-09,Value,Bread|Chicken|Chips|Pasta|Tomato Sauce,5
T02222,2026-02-10,Value,Biscuits|Coffee|Milk,3
T02223,2026-03-11,Value,Cheese|Pasta|Tomato Sauce,3
T02224,2026-04-12,Value,Chicken|Pasta|Tomato Sauce,3
T02225,2026-05-13,Premium,Biscuits|Coffee|Milk,3
T02226,2026-06-14,Regular,Bread|Butter|Milk,3
T02227,2026-07-15,Premium,Bread|Butter|Chicken|Eggs|Milk|Tea,6
T02228,2026-08-16,Premium,Cereal|Coffee|Milk,3
T02229,2026-09-17,Premium,Biscuits|Bread|Butter|Eggs|Pasta,5
T02230,2026-10-18,Regular,Pasta|Tomato Sauce,2
T02231,2026-11-19,Regular,Bread|Butter|Chicken|Milk,4
T02232,2026-12-20,Premium,Bread|Butter|Chips|Coffee,4
T02233,2026-01-21,Premium,Butter|Chicken|Pasta|Tea|Tomato Sauce,5
T02234,2026-02-22,Premium,Cheese|Eggs|Pasta|Tea|Tomato Sauce|Yogurt,6
T02235,2026-03-23,Regular,Bread|Butter|Milk,3
T02236,2026-04-24,Premium,Biscuits|Bread|Coffee|Tea,4
T02237,2026-05-25,Regular,Bread|Cereal|Milk,3
T02238,2026-06-26,Premium,Butter|Cereal|Juice|Milk|Pasta|Yogurt,6
T02239,2026-07-27,Value,Eggs|Pasta|Tea|Tomato Sauce,4
T02240,2026-08-28,Value,Bread|Cereal|Milk|Tea|Yogurt,5
T02241,2026-09-01,Premium,Bread|Butter|Milk,3
T02242,2026-10-02,Regular,Biscuits|Bread|Coffee|Milk|Yogurt,5
T02243,2026-11-03,Value,Biscuits|Coffee|Milk,3
T02244,2026-12-04,Value,Butter|Cereal|Coffee|Milk|Yogurt,5
T02245,2026-01-05,Regular,Biscuits|Coffee,2
T02246,2026-02-06,Value,Bread|Butter|Milk,3
T02247,2026-03-07,Regular,Biscuits|Bread|Butter,3
T02248,2026-04-08,Premium,Bread|Butter|Milk,3
T02249,2026-05-09,Value,Butter|Cereal|Chips|Milk|Yogurt,5
T02250,2026-06-10,Value,Bread|Butter|Milk,3
T02251,2026-07-11,Regular,Biscuits|Coffee|Milk|Pasta|Yogurt,5
T02252,2026-08-12,Premium,Bread|Butter|Coffee|Eggs|Juice|Milk,6
T02253,2026-09-13,Value,Biscuits|Chips|Coffee,3
T02254,2026-10-14,Premium,Cheese|Eggs|Pasta|Tomato Sauce,4
T02255,2026-11-15,Regular,Bread|Butter|Chicken,3
T02256,2026-12-16,Value,Butter|Cheese|Pasta|Tomato Sauce,4
T02257,2026-01-17,Regular,Biscuits|Bread|Chicken|Chips|Pasta|Tomato Sauce,6
T02258,2026-02-18,Premium,Cereal|Coffee|Milk|Tomato Sauce|Yogurt,5
T02259,2026-03-19,Regular,Biscuits|Bread|Butter|Chicken|Milk,5
T02260,2026-04-20,Value,Cheese|Chicken|Chips|Pasta|Tomato Sauce,5
T02261,2026-05-21,Regular,Bread|Butter|Milk,3
T02262,2026-06-22,Value,Cereal|Milk|Yogurt,3
T02263,2026-07-23,Value,Bread|Cereal|Milk|Yogurt,4
T02264,2026-08-24,Regular,Butter|Cereal|Chicken|Pasta|Tomato Sauce,5
T02265,2026-09-25,Regular,Biscuits|Bread|Coffee|Juice,4
T02266,2026-10-26,Value,Biscuits|Bread|Butter|Milk,4
T02267,2026-11-27,Value,Chicken|Pasta|Tomato Sauce,3
T02268,2026-12-28,Premium,Bread|Butter|Milk,3
T02269,2026-01-01,Premium,Bread|Butter,2
T02270,2026-02-02,Premium,Cheese|Pasta|Tomato Sauce,3
T02271,2026-03-03,Premium,Bread|Butter|Coffee|Milk|Tea,5
T02272,2026-04-04,Regular,Bread|Cereal|Milk|Pasta|Yogurt,5
T02273,2026-05-05,Value,Butter|Cereal|Milk,3
T02274,2026-06-06,Value,Bread|Butter|Milk|Tea,4
T02275,2026-07-07,Premium,Biscuits|Bread|Butter|Milk|Tea,5
T02276,2026-08-08,Regular,Bread|Butter|Milk|Tomato Sauce,4
T02277,2026-09-09,Value,Cereal|Milk|Yogurt,3
T02278,2026-10-10,Regular,Biscuits|Coffee|Milk,3
T02279,2026-11-11,Value,Bread|Butter|Milk,3
T02280,2026-12-12,Regular,Bread|Butter|Cheese,3
T02281,2026-01-13,Premium,Bread|Butter|Milk|Pasta,4
T02282,2026-02-14,Regular,Cheese|Pasta|Tomato Sauce,3
T02283,2026-03-15,Value,Bread|Butter|Chips,3
T02284,2026-04-16,Regular,Bread|Butter|Cereal|Eggs|Milk,5
T02285,2026-05-17,Regular,Bread|Butter|Coffee,3
T02286,2026-06-18,Premium,Bread|Butter|Cereal|Milk,4
T02287,2026-07-19,Value,Biscuits|Coffee|Milk,3
T02288,2026-08-20,Value,Cereal|Milk|Yogurt,3
T02289,2026-09-21,Premium,Biscuits|Coffee|Pasta,3
T02290,2026-10-22,Regular,Biscuits|Chicken|Coffee|Juice,4
T02291,2026-11-23,Value,Biscuits|Cereal|Milk|Tomato Sauce|Yogurt,5
T02292,2026-12-24,Regular,Chicken|Pasta|Tomato Sauce,3
T02293,2026-01-25,Premium,Chicken|Coffee|Eggs|Milk|Pasta|Tomato Sauce,6
T02294,2026-02-26,Value,Bread|Butter|Eggs|Milk,4
T02295,2026-03-27,Value,Biscuits|Coffee|Eggs|Milk,4
T02296,2026-04-28,Regular,Bread|Butter|Cheese|Milk|Yogurt,5
T02297,2026-05-01,Premium,Cheese|Eggs|Pasta|Tomato Sauce,4
T02298,2026-06-02,Premium,Biscuits|Bread|Chips|Coffee,4
T02299,2026-07-03,Value,Bread|Butter|Coffee|Milk,4
T02300,2026-08-04,Regular,Bread|Butter|Milk,3
T02301,2026-09-05,Premium,Bread|Chicken|Eggs|Pasta,4
T02302,2026-10-06,Regular,Biscuits|Coffee|Milk,3
T02303,2026-11-07,Value,Bread|Cereal|Chicken|Eggs|Milk,5
T02304,2026-12-08,Regular,Bread|Cereal|Eggs|Milk,4
T02305,2026-01-09,Premium,Bread|Butter|Juice|Milk|Pasta,5
T02306,2026-02-10,Value,Biscuits|Bread|Chips|Coffee|Milk|Tomato Sauce,6
T02307,2026-03-11,Value,Bread|Butter|Cereal|Milk|Yogurt,5
T02308,2026-04-12,Value,Biscuits|Coffee|Milk|Tomato Sauce,4
T02309,2026-05-13,Premium,Chicken|Pasta|Tomato Sauce,3
T02310,2026-06-14,Regular,Biscuits|Cereal|Chicken|Pasta|Yogurt,5
T02311,2026-07-15,Value,Cereal|Chips|Juice|Milk|Yogurt,5
T02312,2026-08-16,Value,Biscuits|Coffee|Milk,3
T02313,2026-09-17,Value,Juice|Pasta|Tomato Sauce,3
T02314,2026-10-18,Regular,Bread|Butter|Cereal,3
T02315,2026-11-19,Value,Coffee|Milk|Pasta|Tomato Sauce,4
T02316,2026-12-20,Regular,Biscuits|Chips|Coffee|Milk,4
T02317,2026-01-21,Premium,Cereal|Chicken|Milk|Pasta,4
T02318,2026-02-22,Regular,Cheese|Chips|Pasta|Tomato Sauce,4
T02319,2026-03-23,Premium,Cereal|Chicken|Milk|Pasta|Tea|Tomato Sauce,6
T02320,2026-04-24,Regular,Biscuits|Coffee|Eggs|Milk,4
T02321,2026-05-25,Regular,Biscuits|Bread|Coffee|Yogurt,4
T02322,2026-06-26,Premium,Bread|Cheese|Eggs|Pasta|Tomato Sauce,5
T02323,2026-07-27,Regular,Biscuits|Cereal|Eggs|Milk|Yogurt,5
T02324,2026-08-28,Regular,Cheese|Juice|Pasta|Tomato Sauce,4
T02325,2026-09-01,Value,Biscuits|Coffee,2
T02326,2026-10-02,Value,Butter|Cheese|Chips|Pasta|Tomato Sauce,5
T02327,2026-11-03,Regular,Bread|Chicken|Pasta|Tomato Sauce,4
T02328,2026-12-04,Regular,Bread|Butter|Juice|Milk|Tomato Sauce,5
T02329,2026-01-05,Premium,Biscuits|Cheese|Pasta|Tomato Sauce,4
T02330,2026-02-06,Regular,Bread|Butter|Cereal|Cheese|Milk,5
T02331,2026-03-07,Premium,Bread|Butter|Cheese|Milk,4
T02332,2026-04-08,Regular,Biscuits|Coffee|Milk|Tea,4
T02333,2026-05-09,Value,Bread|Butter|Eggs|Milk,4
T02334,2026-06-10,Value,Butter|Cereal|Milk|Yogurt,4
T02335,2026-07-11,Premium,Cereal|Milk|Yogurt,3
T02336,2026-08-12,Premium,Bread|Butter|Milk,3
T02337,2026-09-13,Premium,Biscuits|Bread|Cheese|Coffee,4
T02338,2026-10-14,Premium,Chicken|Eggs|Pasta|Tomato Sauce,4
T02339,2026-11-15,Premium,Bread|Butter|Chips|Milk|Pasta,5
T02340,2026-12-16,Regular,Chicken|Milk|Pasta|Tea|Tomato Sauce,5
T02341,2026-01-17,Regular,Bread|Butter|Tea,3
T02342,2026-02-18,Regular,Bread|Butter|Coffee|Milk|Tomato Sauce,5
T02343,2026-03-19,Value,Cereal|Milk,2
T02344,2026-04-20,Regular,Bread|Cereal|Milk|Yogurt,4
T02345,2026-05-21,Premium,Bread|Butter,2
T02346,2026-06-22,Regular,Bread|Butter|Milk,3
T02347,2026-07-23,Value,Cereal|Milk|Pasta|Yogurt,4
T02348,2026-08-24,Premium,Bread|Butter|Milk,3
T02349,2026-09-25,Value,Biscuits|Coffee|Milk,3
T02350,2026-10-26,Regular,Biscuits|Coffee|Eggs|Milk,4
T02351,2026-11-27,Value,Cheese|Chips|Milk|Pasta|Tomato Sauce,5
T02352,2026-12-28,Premium,Bread|Butter|Chips|Juice|Milk,5
T02353,2026-01-01,Regular,Biscuits|Coffee|Milk,3
T02354,2026-02-02,Regular,Bread|Butter|Chips|Eggs,4
T02355,2026-03-03,Regular,Bread|Butter|Milk|Pasta|Yogurt,5
T02356,2026-04-04,Value,Biscuits|Chicken|Coffee|Milk,4
T02357,2026-05-05,Regular,Bread|Butter|Milk,3
T02358,2026-06-06,Value,Biscuits|Bread|Chicken|Pasta|Tomato Sauce,5
T02359,2026-07-07,Regular,Biscuits|Coffee|Milk,3
T02360,2026-08-08,Premium,Biscuits|Cheese|Coffee|Milk,4
T02361,2026-09-09,Premium,Bread|Cereal|Chips|Milk,4
T02362,2026-10-10,Premium,Biscuits|Bread|Butter|Cheese|Coffee|Pasta,6
T02363,2026-11-11,Value,Bread|Butter,2
T02364,2026-12-12,Value,Bread|Butter,2
T02365,2026-01-13,Value,Cereal|Chicken|Pasta,3
T02366,2026-02-14,Premium,Chicken|Pasta,2
T02367,2026-03-15,Regular,Bread|Butter|Milk,3
T02368,2026-04-16,Value,Biscuits|Bread|Coffee,3
T02369,2026-05-17,Value,Cereal|Milk|Tea|Tomato Sauce|Yogurt,5
T02370,2026-06-18,Value,Biscuits|Coffee|Milk,3
T02371,2026-07-19,Value,Biscuits|Coffee,2
T02372,2026-08-20,Regular,Bread|Butter|Coffee|Juice|Milk,5
T02373,2026-09-21,Value,Bread|Butter|Milk,3
T02374,2026-10-22,Premium,Bread|Butter|Juice|Tomato Sauce,4
T02375,2026-11-23,Regular,Biscuits|Bread|Butter|Juice,4
T02376,2026-12-24,Value,Bread|Butter|Chips|Tomato Sauce,4
T02377,2026-01-25,Regular,Cheese|Chicken|Milk|Pasta,4
T02378,2026-02-26,Regular,Cheese|Coffee|Eggs|Pasta|Tomato Sauce,5
T02379,2026-03-27,Premium,Bread|Cereal|Milk,3
T02380,2026-04-28,Value,Biscuits|Butter|Cereal|Milk|Yogurt,5
T02381,2026-05-01,Regular,Biscuits|Bread|Butter|Cheese|Pasta|Yogurt,6
T02382,2026-06-02,Premium,Biscuits|Butter|Coffee|Milk|Tomato Sauce,5
T02383,2026-07-03,Premium,Cereal|Milk|Yogurt,3
T02384,2026-08-04,Regular,Biscuits|Bread|Butter|Juice|Milk,5
T02385,2026-09-05,Premium,Biscuits|Bread|Cheese|Coffee|Eggs|Milk,6
T02386,2026-10-06,Regular,Bread|Butter|Milk,3
T02387,2026-11-07,Value,Biscuits|Chips|Coffee|Milk|Tomato Sauce,5
T02388,2026-12-08,Regular,Bread|Butter|Chips|Milk|Pasta|Tea,6
T02389,2026-01-09,Regular,Pasta|Tomato Sauce,2
T02390,2026-02-10,Regular,Bread|Butter|Chips|Milk,4
T02391,2026-03-11,Premium,Cheese|Pasta|Tomato Sauce,3
T02392,2026-04-12,Value,Cheese|Chips|Coffee|Eggs|Pasta|Tomato Sauce,6
T02393,2026-05-13,Premium,Biscuits|Bread|Butter|Coffee|Milk,5
T02394,2026-06-14,Premium,Bread|Butter|Tomato Sauce|Yogurt,4
T02395,2026-07-15,Value,Chicken|Pasta,2
T02396,2026-08-16,Premium,Cereal|Milk|Yogurt,3
T02397,2026-09-17,Regular,Cheese|Eggs|Pasta|Tomato Sauce,4
T02398,2026-10-18,Regular,Biscuits|Cereal|Coffee|Tea,4
T02399,2026-11-19,Premium,Bread|Butter|Chicken|Milk,4
T02400,2026-12-20,Regular,Bread|Butter|Milk,3
T02401,2026-01-21,Premium,Cereal|Chicken|Juice|Milk,4
T02402,2026-02-22,Value,Cereal|Chips|Eggs|Milk,4
T02403,2026-03-23,Value,Cereal|Milk,2
T02404,2026-04-24,Value,Bread|Cheese|Chicken|Coffee|Pasta|Yogurt,6
T02405,2026-05-25,Premium,Chicken|Chips|Milk|Pasta,4
T02406,2026-06-26,Regular,Biscuits|Bread|Cereal|Coffee|Milk,5
T02407,2026-07-27,Value,Biscuits|Chips|Coffee|Eggs|Milk,5
T02408,2026-08-28,Premium,Cheese|Chicken|Eggs|Pasta|Tomato Sauce,5
T02409,2026-09-01,Premium,Cheese|Pasta|Tomato Sauce,3
T02410,2026-10-02,Premium,Biscuits|Bread|Butter|Eggs|Juice|Milk|Pasta,7
T02411,2026-11-03,Premium,Bread|Butter|Eggs|Milk|Tomato Sauce,5
T02412,2026-12-04,Value,Cheese|Chips|Pasta|Tomato Sauce,4
T02413,2026-01-05,Regular,Cereal|Milk|Yogurt,3
T02414,2026-02-06,Premium,Bread|Butter|Juice|Milk,4
T02415,2026-03-07,Value,Cheese|Pasta|Tomato Sauce,3
T02416,2026-04-08,Premium,Bread|Butter|Milk,3
T02417,2026-05-09,Value,Bread|Butter|Milk,3
T02418,2026-06-10,Value,Bread|Butter|Milk,3
T02419,2026-07-11,Regular,Bread|Butter|Milk|Tea,4
T02420,2026-08-12,Premium,Butter|Pasta|Tomato Sauce|Yogurt,4
T02421,2026-09-13,Premium,Pasta|Tomato Sauce,2
T02422,2026-10-14,Regular,Bread|Butter|Milk|Pasta,4
T02423,2026-11-15,Regular,Bread|Eggs|Pasta|Tomato Sauce,4
T02424,2026-12-16,Regular,Biscuits|Coffee|Milk,3
T02425,2026-01-17,Value,Cereal|Milk,2
T02426,2026-02-18,Regular,Biscuits|Coffee,2
T02427,2026-03-19,Regular,Cereal|Juice|Milk|Yogurt,4
T02428,2026-04-20,Premium,Biscuits|Coffee|Milk|Pasta,4
T02429,2026-05-21,Regular,Biscuits|Coffee|Milk,3
T02430,2026-06-22,Premium,Biscuits|Coffee|Eggs|Milk,4
T02431,2026-07-23,Premium,Cereal|Pasta|Tomato Sauce,3
T02432,2026-08-24,Regular,Butter|Cheese|Milk|Pasta|Tomato Sauce,5
T02433,2026-09-25,Value,Bread|Pasta|Tea|Tomato Sauce,4
T02434,2026-10-26,Premium,Biscuits|Coffee,2
T02435,2026-11-27,Premium,Cheese|Pasta|Tomato Sauce,3
T02436,2026-12-28,Regular,Cheese|Chicken|Pasta|Tomato Sauce,4
T02437,2026-01-01,Premium,Biscuits|Bread|Butter|Cereal|Milk,5
T02438,2026-02-02,Value,Pasta|Tomato Sauce,2
T02439,2026-03-03,Premium,Biscuits|Chicken|Coffee,3
T02440,2026-04-04,Value,Bread|Butter|Cheese|Milk,4
T02441,2026-05-05,Premium,Biscuits|Cheese|Coffee|Milk|Yogurt,5
T02442,2026-06-06,Value,Biscuits|Bread|Coffee|Milk,4
T02443,2026-07-07,Regular,Bread|Butter|Eggs|Milk,4
T02444,2026-08-08,Regular,Biscuits|Coffee|Eggs|Milk|Tomato Sauce,5
T02445,2026-09-09,Regular,Bread|Butter|Cereal|Milk,4
T02446,2026-10-10,Premium,Biscuits|Bread|Chicken|Coffee|Milk|Tea,6
T02447,2026-11-11,Premium,Biscuits|Bread|Butter|Milk,4
T02448,2026-12-12,Premium,Bread|Butter|Coffee|Milk,4
T02449,2026-01-13,Regular,Chicken|Coffee|Pasta|Tomato Sauce,4
T02450,2026-02-14,Value,Cereal|Chicken|Milk,3
T02451,2026-03-15,Premium,Bread|Butter|Eggs|Milk,4
T02452,2026-04-16,Value,Biscuits|Bread|Coffee|Juice|Milk,5
T02453,2026-05-17,Regular,Bread|Butter,2
T02454,2026-06-18,Regular,Biscuits|Butter|Chips|Coffee|Milk,5
T02455,2026-07-19,Regular,Cheese|Coffee|Pasta|Tomato Sauce,4
T02456,2026-08-20,Regular,Cereal|Chips|Milk,3
T02457,2026-09-21,Value,Cereal|Milk|Pasta,3
T02458,2026-10-22,Premium,Biscuits|Bread|Butter|Chicken|Eggs|Pasta|Tea|Tomato Sauce,8
T02459,2026-11-23,Value,Chicken|Coffee|Pasta|Yogurt,4
T02460,2026-12-24,Premium,Bread|Butter|Cereal|Milk,4
T02461,2026-01-25,Premium,Biscuits|Butter|Coffee|Milk,4
T02462,2026-02-26,Value,Biscuits|Coffee|Eggs|Milk|Tea|Yogurt,6
T02463,2026-03-27,Value,Bread|Butter|Cereal|Yogurt,4
T02464,2026-04-28,Regular,Bread|Butter,2
T02465,2026-05-01,Premium,Cereal|Chips|Juice|Milk|Tea|Yogurt,6
T02466,2026-06-02,Value,Butter|Cereal|Eggs|Milk,4
T02467,2026-07-03,Premium,Biscuits|Bread|Butter|Chips|Milk|Pasta|Tea,7
T02468,2026-08-04,Regular,Cereal|Milk|Yogurt,3
T02469,2026-09-05,Value,Coffee|Pasta|Tomato Sauce,3
T02470,2026-10-06,Regular,Biscuits|Coffee|Milk|Tea,4
T02471,2026-11-07,Regular,Bread|Chicken|Pasta,3
T02472,2026-12-08,Value,Biscuits|Bread|Butter|Cheese,4
T02473,2026-01-09,Premium,Bread|Butter|Chips,3
T02474,2026-02-10,Value,Bread|Butter|Chips|Tomato Sauce,4
T02475,2026-03-11,Regular,Biscuits|Bread|Coffee|Milk,4
T02476,2026-04-12,Premium,Bread|Butter|Milk,3
T02477,2026-05-13,Value,Cheese|Eggs|Pasta|Tomato Sauce|Yogurt,5
T02478,2026-06-14,Premium,Bread|Butter|Milk,3
T02479,2026-07-15,Value,Coffee|Pasta|Tea|Tomato Sauce,4
T02480,2026-08-16,Regular,Bread|Chicken|Milk|Pasta|Tomato Sauce,5
T02481,2026-09-17,Premium,Biscuits|Coffee|Milk,3
T02482,2026-10-18,Regular,Bread|Cheese|Chips|Pasta|Tea|Tomato Sauce,6
T02483,2026-11-19,Regular,Cereal|Coffee|Milk|Yogurt,4
T02484,2026-12-20,Value,Cereal|Juice|Milk|Yogurt,4
T02485,2026-01-21,Premium,Biscuits|Bread|Coffee,3
T02486,2026-02-22,Regular,Chicken|Milk|Pasta|Tomato Sauce,4
T02487,2026-03-23,Premium,Cereal|Pasta|Tomato Sauce,3
T02488,2026-04-24,Regular,Biscuits|Bread|Butter,3
T02489,2026-05-25,Premium,Bread|Butter|Eggs,3
T02490,2026-06-26,Value,Cheese|Eggs|Pasta|Tomato Sauce,4
T02491,2026-07-27,Value,Bread|Butter|Milk,3
T02492,2026-08-28,Premium,Cereal|Cheese|Chicken|Milk|Yogurt,5
T02493,2026-09-01,Premium,Chicken|Pasta,2
T02494,2026-10-02,Value,Bread|Butter|Milk,3
T02495,2026-11-03,Premium,Biscuits|Bread|Coffee|Milk,4
T02496,2026-12-04,Premium,Chicken|Pasta,2
T02497,2026-01-05,Value,Bread|Butter|Milk,3
T02498,2026-02-06,Regular,Cereal|Milk,2
T02499,2026-03-07,Value,Cereal|Cheese|Pasta|Tomato Sauce,4
T02500,2026-04-08,Value,Biscuits|Coffee|Milk,3
T02501,2026-05-09,Regular,Bread|Butter|Milk,3
T02502,2026-06-10,Value,Biscuits|Coffee|Milk|Tea,4
T02503,2026-07-11,Value,Cereal|Pasta|Tomato Sauce|Yogurt,4
T02504,2026-08-12,Regular,Bread|Butter,2
T02505,2026-09-13,Premium,Bread|Butter|Milk,3
T02506,2026-10-14,Regular,Bread|Butter|Chicken|Eggs,4
T02507,2026-11-15,Premium,Cheese|Pasta|Tomato Sauce,3
T02508,2026-12-16,Regular,Cereal|Coffee|Juice|Milk|Yogurt,5
T02509,2026-01-17,Value,Cereal|Milk,2
T02510,2026-02-18,Premium,Biscuits|Bread|Coffee|Juice|Milk|Pasta,6
T02511,2026-03-19,Regular,Bread|Cereal|Cheese|Milk|Yogurt,5
T02512,2026-04-20,Regular,Bread|Butter|Chicken|Juice|Milk|Pasta|Tea,7
T02513,2026-05-21,Regular,Biscuits|Chicken|Coffee|Eggs|Milk|Tea,6
T02514,2026-06-22,Value,Chicken|Pasta|Tea|Tomato Sauce,4
T02515,2026-07-23,Premium,Biscuits|Coffee,2
T02516,2026-08-24,Premium,Cereal|Milk|Pasta|Yogurt,4
T02517,2026-09-25,Value,Bread|Cheese|Pasta|Tomato Sauce,4
T02518,2026-10-26,Premium,Biscuits|Coffee,2
T02519,2026-11-27,Premium,Biscuits|Bread|Coffee|Milk,4
T02520,2026-12-28,Regular,Biscuits|Butter|Coffee|Milk,4
T02521,2026-01-01,Regular,Bread|Butter|Tomato Sauce,3
T02522,2026-02-02,Premium,Bread|Butter|Chicken|Coffee|Yogurt,5
T02523,2026-03-03,Premium,Bread|Butter|Eggs|Milk,4
T02524,2026-04-04,Premium,Biscuits|Bread|Butter|Eggs|Milk|Tomato Sauce,6
T02525,2026-05-05,Premium,Pasta|Tomato Sauce,2
T02526,2026-06-06,Premium,Biscuits|Cheese|Chicken|Coffee|Milk,5
T02527,2026-07-07,Value,Cereal|Milk|Yogurt,3
T02528,2026-08-08,Premium,Cereal|Chicken|Juice|Pasta|Tomato Sauce,5
T02529,2026-09-09,Value,Chicken|Eggs|Pasta,3
T02530,2026-10-10,Regular,Biscuits|Coffee|Milk,3
T02531,2026-11-11,Premium,Bread|Butter|Chips,3
T02532,2026-12-12,Regular,Biscuits|Chicken|Pasta|Tomato Sauce,4
T02533,2026-01-13,Value,Cheese|Pasta|Tomato Sauce,3
T02534,2026-02-14,Premium,Bread|Butter|Milk,3
T02535,2026-03-15,Regular,Biscuits|Chicken|Pasta|Tomato Sauce,4
T02536,2026-04-16,Value,Biscuits|Cereal|Cheese|Coffee,4
T02537,2026-05-17,Premium,Biscuits|Coffee|Milk,3
T02538,2026-06-18,Premium,Bread|Chips|Pasta|Tomato Sauce,4
T02539,2026-07-19,Value,Biscuits|Coffee|Milk|Tea,4
T02540,2026-08-20,Premium,Pasta|Tomato Sauce,2
T02541,2026-09-21,Premium,Biscuits|Coffee|Milk,3
T02542,2026-10-22,Regular,Bread|Butter|Milk,3
T02543,2026-11-23,Premium,Biscuits|Coffee|Milk|Pasta,4
T02544,2026-12-24,Value,Bread|Butter|Juice|Milk,4
T02545,2026-01-25,Value,Chicken|Pasta|Tomato Sauce,3
T02546,2026-02-26,Regular,Bread|Butter|Milk,3
T02547,2026-03-27,Premium,Biscuits|Bread|Cheese|Chips|Coffee|Milk,6
T02548,2026-04-28,Value,Biscuits|Bread|Butter|Cereal|Milk,5
T02549,2026-05-01,Value,Biscuits|Chips|Coffee|Milk,4
T02550,2026-06-02,Value,Pasta|Tomato Sauce,2
T02551,2026-07-03,Value,Milk|Pasta|Tomato Sauce|Yogurt,4
T02552,2026-08-04,Value,Biscuits|Coffee|Milk,3
T02553,2026-09-05,Value,Butter|Cereal|Chicken|Coffee|Milk|Yogurt,6
T02554,2026-10-06,Regular,Cheese|Pasta|Tomato Sauce,3
T02555,2026-11-07,Value,Bread|Butter|Coffee|Milk,4
T02556,2026-12-08,Premium,Bread|Butter|Juice|Milk,4
T02557,2026-01-09,Regular,Cereal|Chicken|Milk|Yogurt,4
T02558,2026-02-10,Value,Bread|Butter|Cereal|Cheese|Milk|Tomato Sauce,6
T02559,2026-03-11,Regular,Chicken|Pasta|Tomato Sauce,3
T02560,2026-04-12,Regular,Bread|Butter|Cheese|Milk,4
T02561,2026-05-13,Value,Butter|Chicken|Milk|Pasta,4
T02562,2026-06-14,Premium,Chicken|Eggs|Pasta|Tomato Sauce,4
T02563,2026-07-15,Value,Bread|Butter|Chicken|Milk,4
T02564,2026-08-16,Premium,Cheese|Pasta|Tomato Sauce,3
T02565,2026-09-17,Value,Bread|Butter|Eggs|Milk,4
T02566,2026-10-18,Regular,Bread|Butter|Milk,3
T02567,2026-11-19,Premium,Biscuits|Bread|Butter|Milk,4
T02568,2026-12-20,Value,Pasta|Tomato Sauce,2
T02569,2026-01-21,Regular,Biscuits|Cheese|Chips|Eggs|Pasta|Tomato Sauce,6
T02570,2026-02-22,Regular,Bread|Butter|Milk,3
T02571,2026-03-23,Regular,Biscuits|Butter|Cereal|Coffee,4
T02572,2026-04-24,Regular,Cheese|Chips|Pasta|Tomato Sauce,4
T02573,2026-05-25,Premium,Bread|Butter|Chips|Coffee|Milk,5
T02574,2026-06-26,Regular,Cheese|Coffee|Pasta|Tomato Sauce|Yogurt,5
T02575,2026-07-27,Premium,Biscuits|Coffee|Milk,3
T02576,2026-08-28,Regular,Biscuits|Cereal|Coffee|Juice|Milk,5
T02577,2026-09-01,Premium,Chicken|Coffee|Eggs|Pasta|Tea|Tomato Sauce,6
T02578,2026-10-02,Value,Biscuits|Coffee|Milk,3
T02579,2026-11-03,Value,Biscuits|Bread|Cereal|Coffee|Milk,5
T02580,2026-12-04,Premium,Biscuits|Chips|Coffee|Eggs|Milk,5
T02581,2026-01-05,Value,Pasta|Tomato Sauce|Yogurt,3
T02582,2026-02-06,Regular,Bread|Butter,2
T02583,2026-03-07,Premium,Biscuits|Bread|Coffee|Eggs,4
T02584,2026-04-08,Premium,Butter|Cereal|Milk|Pasta|Yogurt,5
T02585,2026-05-09,Premium,Biscuits|Coffee|Juice|Milk,4
T02586,2026-06-10,Regular,Biscuits|Coffee,2
T02587,2026-07-11,Premium,Bread|Butter|Eggs|Milk|Pasta,5
T02588,2026-08-12,Value,Cheese|Milk|Pasta|Tomato Sauce,4
T02589,2026-09-13,Premium,Bread|Butter,2
T02590,2026-10-14,Regular,Biscuits|Bread|Butter|Coffee|Milk,5
T02591,2026-11-15,Premium,Bread|Butter|Milk|Pasta,4
T02592,2026-12-16,Value,Bread|Butter|Milk,3
T02593,2026-01-17,Regular,Biscuits|Coffee|Milk|Tomato Sauce,4
T02594,2026-02-18,Value,Cereal|Milk,2
T02595,2026-03-19,Premium,Bread|Butter|Cereal|Eggs|Juice|Milk,6
T02596,2026-04-20,Premium,Biscuits|Bread|Butter|Eggs|Tea,5
T02597,2026-05-21,Value,Chicken|Coffee|Pasta,3
T02598,2026-06-22,Value,Bread|Cheese|Pasta|Tea|Tomato Sauce,5
T02599,2026-07-23,Regular,Bread|Butter|Milk,3
T02600,2026-08-24,Regular,Bread|Butter|Milk|Tomato Sauce,4
T02601,2026-09-25,Premium,Biscuits|Bread|Coffee,3
T02602,2026-10-26,Premium,Biscuits|Chicken|Chips|Pasta,4
T02603,2026-11-27,Premium,Cheese|Juice|Pasta|Tomato Sauce,4
T02604,2026-12-28,Regular,Bread|Butter|Milk|Yogurt,4
T02605,2026-01-01,Regular,Cereal|Juice|Milk,3
T02606,2026-02-02,Premium,Cereal|Eggs|Juice|Milk|Yogurt,5
T02607,2026-03-03,Regular,Biscuits|Cheese|Coffee,3
T02608,2026-04-04,Regular,Bread|Butter|Milk|Tomato Sauce,4
T02609,2026-05-05,Regular,Bread|Butter|Yogurt,3
T02610,2026-06-06,Value,Biscuits|Butter|Chips|Coffee|Milk,5
T02611,2026-07-07,Value,Cheese|Pasta|Tomato Sauce,3
T02612,2026-08-08,Regular,Bread|Butter|Milk,3
T02613,2026-09-09,Premium,Butter|Chicken|Eggs|Milk|Pasta|Tomato Sauce,6
T02614,2026-10-10,Regular,Biscuits|Bread|Chips|Coffee|Milk,5
T02615,2026-11-11,Premium,Cereal|Eggs|Milk|Tomato Sauce|Yogurt,5
T02616,2026-12-12,Regular,Biscuits|Bread|Butter|Eggs|Milk,5
T02617,2026-01-13,Premium,Bread|Chicken|Milk|Pasta|Tea|Tomato Sauce,6
T02618,2026-02-14,Value,Bread|Butter|Cheese|Juice|Milk|Tomato Sauce,6
T02619,2026-03-15,Value,Chicken|Pasta,2
T02620,2026-04-16,Value,Cheese|Pasta|Tomato Sauce,3
T02621,2026-05-17,Regular,Chicken|Pasta|Tomato Sauce|Yogurt,4
T02622,2026-06-18,Regular,Cheese|Chips|Pasta|Tomato Sauce,4
T02623,2026-07-19,Premium,Pasta|Tomato Sauce,2
T02624,2026-08-20,Premium,Cereal|Milk,2
T02625,2026-09-21,Regular,Cereal|Eggs|Juice|Milk|Yogurt,5
T02626,2026-10-22,Regular,Biscuits|Coffee|Milk,3
T02627,2026-11-23,Value,Bread|Butter|Chicken|Milk,4
T02628,2026-12-24,Premium,Bread|Butter|Coffee|Eggs|Milk|Tea,6
T02629,2026-01-25,Value,Bread|Butter|Chicken|Coffee,4
T02630,2026-02-26,Regular,Coffee|Pasta|Tomato Sauce,3
T02631,2026-03-27,Regular,Bread|Butter|Milk|Tomato Sauce,4
T02632,2026-04-28,Value,Bread|Chicken|Pasta|Tomato Sauce,4
T02633,2026-05-01,Value,Bread|Butter|Cereal|Chicken|Milk,5
T02634,2026-06-02,Value,Biscuits|Chicken|Coffee|Juice,4
T02635,2026-07-03,Premium,Cereal|Cheese|Chicken|Milk|Pasta|Yogurt,6
T02636,2026-08-04,Regular,Cereal|Cheese|Pasta|Tomato Sauce,4
T02637,2026-09-05,Regular,Bread|Butter|Milk|Tomato Sauce,4
T02638,2026-10-06,Value,Cheese|Coffee|Eggs|Pasta|Tomato Sauce,5
T02639,2026-11-07,Regular,Biscuits|Cheese|Milk|Pasta|Tomato Sauce,5
T02640,2026-12-08,Value,Bread|Butter|Milk,3
T02641,2026-01-09,Value,Cereal|Milk|Yogurt,3
T02642,2026-02-10,Value,Biscuits|Bread|Butter|Chicken|Pasta,5
T02643,2026-03-11,Premium,Bread|Butter|Milk|Pasta,4
T02644,2026-04-12,Regular,Chicken|Eggs|Pasta|Tea|Tomato Sauce,5
T02645,2026-05-13,Premium,Cheese|Coffee|Pasta|Tomato Sauce,4
T02646,2026-06-14,Regular,Chicken|Milk|Pasta|Tomato Sauce,4
T02647,2026-07-15,Regular,Pasta|Tomato Sauce,2
T02648,2026-08-16,Premium,Biscuits|Coffee|Milk,3
T02649,2026-09-17,Premium,Bread|Butter|Milk,3
T02650,2026-10-18,Regular,Bread|Butter,2
T02651,2026-11-19,Premium,Bread|Cheese|Eggs|Pasta|Tomato Sauce,5
T02652,2026-12-20,Regular,Bread|Butter|Eggs|Milk,4
T02653,2026-01-21,Premium,Bread|Cereal|Milk|Tea|Yogurt,5
T02654,2026-02-22,Premium,Biscuits|Chicken|Coffee|Milk|Yogurt,5
T02655,2026-03-23,Regular,Biscuits|Bread|Coffee|Milk,4
T02656,2026-04-24,Value,Pasta|Tomato Sauce,2
T02657,2026-05-25,Premium,Bread|Cereal|Chicken|Pasta,4
T02658,2026-06-26,Value,Biscuits|Coffee|Milk,3
T02659,2026-07-27,Premium,Bread|Butter,2
T02660,2026-08-28,Value,Biscuits|Bread|Coffee|Juice|Milk|Yogurt,6
T02661,2026-09-01,Premium,Bread|Butter|Milk,3
T02662,2026-10-02,Premium,Bread|Butter|Yogurt,3
T02663,2026-11-03,Value,Bread|Butter|Chips|Milk|Tomato Sauce|Yogurt,6
T02664,2026-12-04,Premium,Biscuits|Cheese|Coffee|Milk,4
T02665,2026-01-05,Premium,Biscuits|Bread|Chips|Coffee|Milk|Tomato Sauce,6
T02666,2026-02-06,Premium,Biscuits|Butter|Coffee,3
T02667,2026-03-07,Regular,Bread|Chicken|Pasta|Tomato Sauce,4
T02668,2026-04-08,Regular,Cereal|Milk|Yogurt,3
T02669,2026-05-09,Regular,Chicken|Chips|Pasta,3
T02670,2026-06-10,Regular,Bread|Butter|Milk,3
T02671,2026-07-11,Premium,Cereal|Eggs|Milk,3
T02672,2026-08-12,Value,Chicken|Pasta|Tomato Sauce,3
T02673,2026-09-13,Premium,Chicken|Pasta|Tomato Sauce|Yogurt,4
T02674,2026-10-14,Regular,Cheese|Milk|Pasta|Tomato Sauce|Yogurt,5
T02675,2026-11-15,Value,Bread|Butter,2
T02676,2026-12-16,Premium,Bread|Butter|Chips|Eggs,4
T02677,2026-01-17,Value,Biscuits|Coffee|Eggs|Juice|Milk,5
T02678,2026-02-18,Regular,Biscuits|Bread|Chicken|Pasta|Yogurt,5
T02679,2026-03-19,Value,Bread|Butter,2
T02680,2026-04-20,Value,Biscuits|Coffee|Milk,3
T02681,2026-05-21,Value,Biscuits|Cereal|Chips|Milk,4
T02682,2026-06-22,Premium,Bread|Butter|Coffee|Milk,4
T02683,2026-07-23,Regular,Bread|Butter|Cereal|Chicken|Pasta|Tomato Sauce,6
T02684,2026-08-24,Value,Biscuits|Bread|Cheese|Chips|Coffee,5
T02685,2026-09-25,Regular,Biscuits|Cereal|Chicken|Chips|Milk|Pasta,6
T02686,2026-10-26,Premium,Chicken|Coffee|Milk|Pasta|Tea|Tomato Sauce,6
T02687,2026-11-27,Regular,Cereal|Chicken|Chips|Eggs|Pasta|Tomato Sauce,6
T02688,2026-12-28,Regular,Chicken|Eggs|Pasta|Tomato Sauce|Yogurt,5
T02689,2026-01-01,Premium,Cereal|Milk|Pasta,3
T02690,2026-02-02,Regular,Biscuits|Bread|Cheese|Coffee|Milk,5
T02691,2026-03-03,Value,Biscuits|Cereal|Coffee|Juice,4
T02692,2026-04-04,Value,Biscuits|Bread|Coffee|Milk,4
T02693,2026-05-05,Premium,Biscuits|Bread|Butter,3
T02694,2026-06-06,Value,Biscuits|Bread|Coffee|Pasta,4
T02695,2026-07-07,Value,Biscuits|Bread|Cheese|Coffee|Milk,5
T02696,2026-08-08,Premium,Bread|Butter|Cereal|Milk|Pasta|Tea,6
T02697,2026-09-09,Premium,Cheese|Pasta|Tomato Sauce|Yogurt,4
T02698,2026-10-10,Value,Biscuits|Coffee|Eggs|Milk,4
T02699,2026-11-11,Value,Biscuits|Coffee|Eggs|Pasta,4
T02700,2026-12-12,Regular,Bread|Butter|Coffee|Milk,4
T02701,2026-01-13,Value,Biscuits|Butter|Coffee|Milk,4
T02702,2026-02-14,Premium,Biscuits|Bread|Coffee|Milk,4
T02703,2026-03-15,Regular,Cereal|Milk|Yogurt,3
T02704,2026-04-16,Premium,Bread|Butter|Milk,3
T02705,2026-05-17,Value,Cereal|Chips|Milk,3
T02706,2026-06-18,Value,Cheese|Milk|Pasta|Tomato Sauce,4
T02707,2026-07-19,Regular,Bread|Butter|Milk,3
T02708,2026-08-20,Regular,Bread|Cereal|Coffee|Milk|Tomato Sauce|Yogurt,6
T02709,2026-09-21,Value,Cereal|Chicken|Milk|Yogurt,4
T02710,2026-10-22,Value,Biscuits|Pasta|Tomato Sauce,3
T02711,2026-11-23,Premium,Bread|Butter|Cheese|Milk,4
T02712,2026-12-24,Regular,Bread|Cheese|Pasta|Tomato Sauce,4
T02713,2026-01-25,Premium,Biscuits|Coffee|Yogurt,3
T02714,2026-02-26,Regular,Bread|Butter|Chicken|Milk,4
T02715,2026-03-27,Value,Bread|Cheese|Milk|Pasta|Tomato Sauce,5
T02716,2026-04-28,Premium,Bread|Butter|Cereal|Cheese,4
T02717,2026-05-01,Premium,Biscuits|Cheese|Pasta|Tomato Sauce,4
T02718,2026-06-02,Regular,Biscuits|Bread|Butter|Milk,4
T02719,2026-07-03,Regular,Biscuits|Butter|Pasta|Tomato Sauce,4
T02720,2026-08-04,Regular,Cereal|Eggs|Milk,3
T02721,2026-09-05,Regular,Bread|Butter|Milk,3
T02722,2026-10-06,Regular,Bread|Butter|Juice|Milk|Yogurt,5
T02723,2026-11-07,Regular,Butter|Coffee|Pasta|Tomato Sauce,4
T02724,2026-12-08,Value,Bread|Cheese|Milk|Pasta|Tomato Sauce,5
T02725,2026-01-09,Value,Bread|Chicken|Pasta|Tomato Sauce,4
T02726,2026-02-10,Premium,Bread|Butter|Chicken|Tea,4
T02727,2026-03-11,Value,Eggs|Pasta|Tomato Sauce,3
T02728,2026-04-12,Regular,Bread|Butter|Milk,3
T02729,2026-05-13,Value,Chicken|Chips|Pasta,3
T02730,2026-06-14,Value,Bread|Butter|Milk,3
T02731,2026-07-15,Regular,Cheese|Chicken|Milk|Pasta|Tomato Sauce,5
T02732,2026-08-16,Premium,Bread|Butter|Coffee,3
T02733,2026-09-17,Value,Bread|Butter|Cereal|Eggs|Milk,5
T02734,2026-10-18,Regular,Butter|Cereal|Milk|Yogurt,4
T02735,2026-11-19,Regular,Biscuits|Cereal|Eggs|Milk|Yogurt,5
T02736,2026-12-20,Premium,Cereal|Chips|Milk,3
T02737,2026-01-21,Value,Bread|Butter|Chicken|Milk,4
T02738,2026-02-22,Premium,Bread|Butter|Milk|Tomato Sauce,4
T02739,2026-03-23,Regular,Cheese|Chicken|Milk|Pasta|Tomato Sauce,5
T02740,2026-04-24,Premium,Butter|Chicken|Chips|Pasta|Tomato Sauce,5
T02741,2026-05-25,Regular,Cereal|Milk|Yogurt,3
T02742,2026-06-26,Value,Bread|Cheese|Coffee|Pasta|Tea|Tomato Sauce,6
T02743,2026-07-27,Premium,Biscuits|Cheese|Coffee|Milk,4
T02744,2026-08-28,Regular,Biscuits|Bread|Coffee|Milk|Pasta,5
T02745,2026-09-01,Premium,Bread|Butter|Juice|Milk,4
T02746,2026-10-02,Regular,Bread|Butter,2
T02747,2026-11-03,Premium,Biscuits|Chicken|Coffee|Milk|Yogurt,5
T02748,2026-12-04,Regular,Biscuits|Bread|Butter|Coffee|Milk,5
T02749,2026-01-05,Value,Bread|Butter|Coffee|Pasta|Tomato Sauce,5
T02750,2026-02-06,Premium,Pasta|Tomato Sauce,2
T02751,2026-03-07,Regular,Chicken|Chips|Pasta,3
T02752,2026-04-08,Value,Bread|Butter|Milk|Yogurt,4
T02753,2026-05-09,Regular,Biscuits|Coffee|Milk,3
T02754,2026-06-10,Regular,Biscuits|Bread|Butter|Milk,4
T02755,2026-07-11,Premium,Bread|Butter|Chicken|Milk,4
T02756,2026-08-12,Value,Biscuits|Coffee|Eggs|Milk,4
T02757,2026-09-13,Value,Bread|Cereal|Cheese|Chicken|Pasta|Tomato Sauce,6
T02758,2026-10-14,Regular,Cereal|Eggs|Milk|Yogurt,4
T02759,2026-11-15,Value,Biscuits|Milk|Pasta|Tomato Sauce,4
T02760,2026-12-16,Value,Biscuits|Cereal|Coffee|Milk|Yogurt,5
T02761,2026-01-17,Premium,Biscuits|Bread|Butter|Coffee,4
T02762,2026-02-18,Regular,Bread|Butter|Milk|Tea,4
T02763,2026-03-19,Premium,Bread|Butter|Milk,3
T02764,2026-04-20,Regular,Bread|Butter|Chips|Milk|Tea,5
T02765,2026-05-21,Premium,Cereal|Cheese|Pasta|Tomato Sauce,4
T02766,2026-06-22,Value,Bread|Butter|Milk,3
T02767,2026-07-23,Premium,Biscuits|Coffee|Milk,3
T02768,2026-08-24,Regular,Biscuits|Chicken|Coffee|Yogurt,4
T02769,2026-09-25,Premium,Biscuits|Coffee|Milk|Tomato Sauce,4
T02770,2026-10-26,Premium,Cereal|Milk,2
T02771,2026-11-27,Value,Bread|Butter|Cereal|Juice|Tea,5
T02772,2026-12-28,Regular,Biscuits|Bread|Butter|Chicken|Milk|Tea,6
T02773,2026-01-01,Value,Biscuits|Coffee|Milk,3
T02774,2026-02-02,Value,Cheese|Pasta|Tomato Sauce,3
T02775,2026-03-03,Premium,Biscuits|Pasta|Tomato Sauce,3
T02776,2026-04-04,Value,Biscuits|Coffee,2
T02777,2026-05-05,Value,Biscuits|Butter|Coffee,3
T02778,2026-06-06,Value,Biscuits|Butter|Coffee|Milk,4
T02779,2026-07-07,Regular,Biscuits|Cereal|Coffee|Milk|Yogurt,5
T02780,2026-08-08,Premium,Bread|Butter|Milk,3
T02781,2026-09-09,Regular,Bread|Butter|Milk,3
T02782,2026-10-10,Value,Bread|Butter|Cereal|Milk|Pasta|Tomato Sauce,6
T02783,2026-11-11,Regular,Butter|Cheese|Pasta|Tomato Sauce,4
T02784,2026-12-12,Value,Biscuits|Bread|Chicken|Coffee,4
T02785,2026-01-13,Premium,Cereal|Chips|Milk|Yogurt,4
T02786,2026-02-14,Value,Coffee|Milk|Pasta|Tomato Sauce|Yogurt,5
T02787,2026-03-15,Regular,Bread|Butter|Chips|Milk,4
T02788,2026-04-16,Premium,Biscuits|Cereal|Coffee|Milk,4
T02789,2026-05-17,Premium,Biscuits|Bread|Coffee|Milk|Yogurt,5
T02790,2026-06-18,Premium,Biscuits|Coffee|Milk,3
T02791,2026-07-19,Regular,Bread|Butter|Milk,3
T02792,2026-08-20,Premium,Bread|Butter,2
T02793,2026-09-21,Premium,Chips|Juice|Pasta|Tomato Sauce,4
T02794,2026-10-22,Premium,Biscuits|Coffee|Milk,3
T02795,2026-11-23,Premium,Bread|Cereal|Eggs|Milk|Yogurt,5
T02796,2026-12-24,Regular,Cheese|Pasta|Tomato Sauce,3
T02797,2026-01-25,Regular,Biscuits|Bread|Coffee|Milk|Yogurt,5
T02798,2026-02-26,Regular,Cheese|Juice|Pasta|Tomato Sauce,4
T02799,2026-03-27,Premium,Bread|Butter,2
T02800,2026-04-28,Value,Cereal|Milk|Yogurt,3
T02801,2026-05-01,Regular,Cheese|Pasta|Tea|Tomato Sauce,4
T02802,2026-06-02,Regular,Butter|Cereal|Milk|Yogurt,4
T02803,2026-07-03,Premium,Cereal|Milk|Yogurt,3
T02804,2026-08-04,Value,Butter|Cheese|Juice|Milk|Pasta|Tomato Sauce,6
T02805,2026-09-05,Premium,Bread|Cheese|Milk|Pasta|Tomato Sauce,5
T02806,2026-10-06,Value,Cheese|Pasta|Tomato Sauce,3
T02807,2026-11-07,Regular,Coffee|Pasta|Tomato Sauce,3
T02808,2026-12-08,Regular,Biscuits|Bread|Butter|Juice|Milk,5
T02809,2026-01-09,Premium,Cereal|Chicken|Milk|Yogurt,4
T02810,2026-02-10,Regular,Cheese|Eggs|Pasta|Tomato Sauce,4
T02811,2026-03-11,Value,Cheese|Milk|Pasta|Tomato Sauce,4
T02812,2026-04-12,Regular,Cheese|Pasta|Tomato Sauce,3
T02813,2026-05-13,Premium,Cereal|Chicken|Pasta,3
T02814,2026-06-14,Regular,Cereal|Eggs|Milk|Tomato Sauce,4
T02815,2026-07-15,Premium,Biscuits|Bread|Coffee|Milk,4
T02816,2026-08-16,Regular,Cheese|Milk|Pasta|Tomato Sauce,4
T02817,2026-09-17,Regular,Biscuits|Cereal|Milk|Yogurt,4
T02818,2026-10-18,Value,Biscuits|Coffee|Tomato Sauce,3
T02819,2026-11-19,Premium,Bread|Butter|Chicken|Eggs|Milk|Tomato Sauce,6
T02820,2026-12-20,Premium,Biscuits|Butter|Chips|Coffee,4
T02821,2026-01-21,Premium,Biscuits|Bread|Coffee|Milk,4
T02822,2026-02-22,Regular,Bread|Butter|Chicken|Milk,4
T02823,2026-03-23,Premium,Bread|Butter|Chicken,3
T02824,2026-04-24,Value,Cheese|Chicken|Eggs|Pasta,4
T02825,2026-05-25,Value,Bread|Butter|Eggs|Pasta,4
T02826,2026-06-26,Value,Bread|Butter|Milk,3
T02827,2026-07-27,Value,Biscuits|Coffee|Tea,3
T02828,2026-08-28,Value,Bread|Butter|Chicken|Milk,4
T02829,2026-09-01,Value,Chicken|Pasta|Tomato Sauce,3
T02830,2026-10-02,Premium,Bread|Butter|Milk,3
T02831,2026-11-03,Premium,Bread|Butter|Chips|Coffee|Eggs|Milk,6
T02832,2026-12-04,Premium,Cereal|Milk,2
T02833,2026-01-05,Regular,Biscuits|Bread|Butter|Chips|Milk,5
T02834,2026-02-06,Regular,Bread|Butter|Eggs|Milk|Pasta,5
T02835,2026-03-07,Regular,Bread|Butter,2
T02836,2026-04-08,Regular,Biscuits|Coffee|Milk,3
T02837,2026-05-09,Regular,Butter|Cheese|Milk|Pasta|Tomato Sauce,5
T02838,2026-06-10,Value,Cheese|Pasta|Tomato Sauce,3
T02839,2026-07-11,Premium,Biscuits|Coffee|Juice|Milk|Tomato Sauce,5
T02840,2026-08-12,Value,Biscuits|Bread|Butter|Cheese,4
T02841,2026-09-13,Premium,Bread|Butter|Milk,3
T02842,2026-10-14,Regular,Biscuits|Coffee|Eggs|Milk,4
T02843,2026-11-15,Regular,Bread|Butter,2
T02844,2026-12-16,Value,Bread|Butter|Milk,3
T02845,2026-01-17,Regular,Biscuits|Cheese|Coffee,3
T02846,2026-02-18,Regular,Biscuits|Chicken|Coffee|Milk,4
T02847,2026-03-19,Value,Biscuits|Coffee|Milk,3
T02848,2026-04-20,Value,Bread|Butter|Eggs,3
T02849,2026-05-21,Regular,Bread|Chicken|Milk|Pasta|Tomato Sauce,5
T02850,2026-06-22,Premium,Juice|Pasta|Tomato Sauce|Yogurt,4
T02851,2026-07-23,Value,Bread|Cereal|Eggs|Milk,4
T02852,2026-08-24,Premium,Juice|Pasta|Tomato Sauce,3
T02853,2026-09-25,Regular,Bread|Butter|Chips|Milk,4
T02854,2026-10-26,Regular,Cereal|Milk,2
T02855,2026-11-27,Value,Biscuits|Coffee|Milk,3
T02856,2026-12-28,Regular,Bread|Butter|Cheese|Chips|Milk|Tea,6
T02857,2026-01-01,Premium,Biscuits|Cereal|Chips|Coffee,4
T02858,2026-02-02,Premium,Bread|Butter|Milk,3
T02859,2026-03-03,Premium,Cheese|Chicken|Pasta|Tomato Sauce,4
T02860,2026-04-04,Value,Bread|Butter|Eggs|Tea,4
T02861,2026-05-05,Regular,Biscuits|Cereal|Chicken|Coffee|Eggs|Milk|Yogurt,7
T02862,2026-06-06,Value,Cereal|Milk|Tomato Sauce,3
T02863,2026-07-07,Value,Butter|Cheese|Milk|Pasta|Tomato Sauce,5
T02864,2026-08-08,Regular,Chicken|Pasta,2
T02865,2026-09-09,Value,Bread|Butter|Cereal|Milk|Yogurt,5
T02866,2026-10-10,Premium,Chicken|Eggs|Milk|Pasta|Tomato Sauce,5
T02867,2026-11-11,Value,Biscuits|Coffee|Milk,3
T02868,2026-12-12,Premium,Biscuits|Coffee|Milk,3
T02869,2026-01-13,Premium,Biscuits|Butter|Coffee|Juice|Milk,5
T02870,2026-02-14,Regular,Biscuits|Coffee|Juice,3
T02871,2026-03-15,Premium,Cheese|Coffee|Pasta|Tomato Sauce|Yogurt,5
T02872,2026-04-16,Value,Bread|Butter|Eggs|Milk,4
T02873,2026-05-17,Value,Bread|Butter|Eggs|Milk,4
T02874,2026-06-18,Premium,Biscuits|Bread|Cereal|Coffee|Milk|Tea,6
T02875,2026-07-19,Regular,Biscuits|Coffee|Eggs|Milk|Pasta,5
T02876,2026-08-20,Regular,Bread|Butter|Cereal|Coffee,4
T02877,2026-09-21,Value,Biscuits|Coffee|Pasta,3
T02878,2026-10-22,Regular,Cheese|Milk|Pasta|Tomato Sauce,4
T02879,2026-11-23,Value,Biscuits|Coffee,2
T02880,2026-12-24,Premium,Cereal|Eggs|Juice|Milk,4
T02881,2026-01-25,Value,Biscuits|Bread|Butter|Cereal|Chips|Milk,6
T02882,2026-02-26,Premium,Bread|Butter|Pasta,3
T02883,2026-03-27,Premium,Bread|Cereal|Chicken|Eggs|Milk|Yogurt,6
T02884,2026-04-28,Regular,Bread|Butter|Cheese|Coffee|Milk,5
T02885,2026-05-01,Regular,Chicken|Milk|Pasta|Tomato Sauce|Yogurt,5
T02886,2026-06-02,Regular,Cheese|Pasta|Tomato Sauce,3
T02887,2026-07-03,Premium,Chicken|Pasta|Yogurt,3
T02888,2026-08-04,Regular,Bread|Butter,2
T02889,2026-09-05,Regular,Pasta|Tomato Sauce,2
T02890,2026-10-06,Value,Biscuits|Coffee,2
T02891,2026-11-07,Value,Coffee|Eggs|Pasta|Tea|Tomato Sauce,5
T02892,2026-12-08,Value,Bread|Butter|Eggs|Milk,4
T02893,2026-01-09,Value,Bread|Butter|Milk,3
T02894,2026-02-10,Regular,Bread|Butter|Milk,3
T02895,2026-03-11,Value,Pasta|Tomato Sauce,2
T02896,2026-04-12,Premium,Bread|Butter|Coffee|Juice,4
T02897,2026-05-13,Regular,Bread|Butter|Chicken|Chips|Eggs|Milk,6
T02898,2026-06-14,Premium,Milk|Pasta|Tomato Sauce,3
T02899,2026-07-15,Value,Bread|Butter|Cereal|Coffee|Milk|Yogurt,6
T02900,2026-08-16,Regular,Biscuits|Cereal|Coffee|Milk|Tomato Sauce,5
T02901,2026-09-17,Regular,Cereal|Eggs|Milk|Yogurt,4
T02902,2026-10-18,Regular,Biscuits|Cheese|Coffee,3
T02903,2026-11-19,Value,Chicken|Juice|Pasta,3
T02904,2026-12-20,Regular,Cheese|Milk|Pasta|Tomato Sauce,4
T02905,2026-01-21,Premium,Bread|Butter|Chicken|Milk|Yogurt,5
T02906,2026-02-22,Premium,Cheese|Coffee|Pasta|Tea|Tomato Sauce,5
T02907,2026-03-23,Value,Cheese|Eggs|Pasta|Tomato Sauce,4
T02908,2026-04-24,Premium,Biscuits|Coffee|Eggs|Milk,4
T02909,2026-05-25,Premium,Bread|Butter|Chips|Milk,4
T02910,2026-06-26,Value,Butter|Pasta|Tomato Sauce,3
T02911,2026-07-27,Premium,Biscuits|Bread|Butter|Milk,4
T02912,2026-08-28,Regular,Cereal|Eggs|Milk,3
T02913,2026-09-01,Regular,Bread|Butter|Eggs,3
T02914,2026-10-02,Value,Cereal|Milk|Yogurt,3
T02915,2026-11-03,Regular,Bread|Chicken|Pasta|Tomato Sauce,4
T02916,2026-12-04,Value,Cereal|Milk|Yogurt,3
T02917,2026-01-05,Regular,Bread|Cereal|Chicken|Coffee|Milk,5
T02918,2026-02-06,Value,Bread|Butter|Juice|Milk,4
T02919,2026-03-07,Regular,Biscuits|Bread|Coffee|Yogurt,4
T02920,2026-04-08,Value,Biscuits|Bread|Butter|Coffee|Eggs|Milk|Yogurt,7
T02921,2026-05-09,Premium,Cereal|Coffee|Milk|Yogurt,4
T02922,2026-06-10,Premium,Cheese|Chicken|Eggs|Pasta,4
T02923,2026-07-11,Premium,Biscuits|Bread|Coffee|Milk|Tea,5
T02924,2026-08-12,Regular,Biscuits|Coffee|Eggs|Milk,4
T02925,2026-09-13,Premium,Biscuits|Chips|Coffee|Juice|Milk|Yogurt,6
T02926,2026-10-14,Premium,Bread|Chicken|Pasta|Tomato Sauce,4
T02927,2026-11-15,Regular,Bread|Cheese|Pasta|Tomato Sauce,4
T02928,2026-12-16,Premium,Biscuits|Coffee,2
T02929,2026-01-17,Value,Pasta|Tomato Sauce,2
T02930,2026-02-18,Regular,Cheese|Juice|Pasta|Tomato Sauce,4
T02931,2026-03-19,Value,Butter|Cheese|Pasta|Tomato Sauce,4
T02932,2026-04-20,Value,Bread|Butter|Yogurt,3
T02933,2026-05-21,Premium,Biscuits|Bread|Butter|Cheese|Coffee|Pasta|Tomato Sauce,7
T02934,2026-06-22,Value,Cheese|Coffee|Milk|Pasta|Tomato Sauce|Yogurt,6
T02935,2026-07-23,Value,Bread|Butter|Milk,3
T02936,2026-08-24,Value,Bread|Butter|Chips|Juice|Milk|Tomato Sauce,6
T02937,2026-09-25,Premium,Butter|Chicken|Milk|Pasta|Tomato Sauce,5
T02938,2026-10-26,Value,Chicken|Coffee|Pasta|Tomato Sauce,4
T02939,2026-11-27,Regular,Cereal|Coffee|Milk,3
T02940,2026-12-28,Premium,Chicken|Pasta|Tea,3
T02941,2026-01-01,Value,Bread|Butter|Milk|Tea,4
T02942,2026-02-02,Regular,Cereal|Pasta|Tea|Tomato Sauce,4
T02943,2026-03-03,Regular,Pasta|Tomato Sauce,2
T02944,2026-04-04,Regular,Cereal|Chips|Milk|Yogurt,4
T02945,2026-05-05,Regular,Bread|Butter|Coffee|Juice|Milk,5
T02946,2026-06-06,Premium,Biscuits|Bread|Cheese|Chips|Juice|Pasta|Tomato Sauce,7
T02947,2026-07-07,Regular,Biscuits|Coffee|Milk,3
T02948,2026-08-08,Regular,Biscuits|Bread|Butter,3
T02949,2026-09-09,Regular,Butter|Cereal|Chips|Milk|Yogurt,5
T02950,2026-10-10,Value,Bread|Butter|Milk,3
T02951,2026-11-11,Value,Biscuits|Cheese|Coffee|Milk|Tea,5
T02952,2026-12-12,Value,Chicken|Coffee|Pasta|Tomato Sauce,4
T02953,2026-01-13,Value,Cereal|Milk,2
T02954,2026-02-14,Premium,Bread|Cereal|Coffee|Milk|Yogurt,5
T02955,2026-03-15,Value,Pasta|Tomato Sauce,2
T02956,2026-04-16,Value,Biscuits|Coffee|Milk,3
T02957,2026-05-17,Value,Biscuits|Bread|Butter|Coffee|Milk,5
T02958,2026-06-18,Regular,Biscuits|Butter|Cereal|Chicken|Coffee|Milk,6
T02959,2026-07-19,Regular,Butter|Cheese|Pasta|Tomato Sauce,4
T02960,2026-08-20,Regular,Biscuits|Bread|Cereal|Chips|Coffee,5
T02961,2026-09-21,Regular,Bread|Cheese|Chicken|Eggs|Pasta|Tomato Sauce|Yogurt,7
T02962,2026-10-22,Premium,Chicken|Pasta,2
T02963,2026-11-23,Premium,Bread|Butter|Milk,3
T02964,2026-12-24,Regular,Biscuits|Cheese|Chicken|Coffee|Tea|Yogurt,6
T02965,2026-01-25,Premium,Bread|Butter|Cheese,3
T02966,2026-02-26,Premium,Biscuits|Coffee|Milk,3
T02967,2026-03-27,Regular,Bread|Butter|Milk,3
T02968,2026-04-28,Regular,Cereal|Milk|Pasta|Tomato Sauce,4
T02969,2026-05-01,Value,Biscuits|Butter|Coffee,3
T02970,2026-06-02,Value,Bread|Butter|Milk,3
T02971,2026-07-03,Premium,Cereal|Coffee|Milk|Yogurt,4
T02972,2026-08-04,Premium,Biscuits|Coffee|Milk,3
T02973,2026-09-05,Regular,Biscuits|Chips|Coffee|Milk,4
T02974,2026-10-06,Value,Biscuits|Coffee|Milk,3
T02975,2026-11-07,Value,Cereal|Chicken|Coffee|Pasta,4
T02976,2026-12-08,Premium,Butter|Chicken|Eggs|Milk|Pasta|Tomato Sauce,6
T02977,2026-01-09,Value,Biscuits|Bread|Coffee|Eggs|Milk,5
T02978,2026-02-10,Value,Bread|Butter|Milk|Tomato Sauce,4
T02979,2026-03-11,Premium,Cereal|Milk|Pasta,3
T02980,2026-04-12,Premium,Bread|Butter|Milk,3
T02981,2026-05-13,Regular,Bread|Cereal|Juice|Milk|Pasta|Tomato Sauce,6
T02982,2026-06-14,Value,Biscuits|Coffee|Milk,3
T02983,2026-07-15,Regular,Biscuits|Bread|Butter,3
T02984,2026-08-16,Value,Juice|Pasta|Tomato Sauce,3
T02985,2026-09-17,Premium,Cereal|Milk|Pasta|Tomato Sauce,4
T02986,2026-10-18,Regular,Cheese|Eggs|Pasta|Tomato Sauce,4
T02987,2026-11-19,Regular,Biscuits|Coffee|Juice|Milk|Pasta|Yogurt,6
T02988,2026-12-20,Value,Butter|Pasta|Tea|Tomato Sauce,4
T02989,2026-01-21,Premium,Biscuits|Chips|Coffee,3
T02990,2026-02-22,Premium,Biscuits|Bread|Butter|Coffee|Milk,5
T02991,2026-03-23,Regular,Biscuits|Coffee|Milk,3
T02992,2026-04-24,Premium,Cereal|Milk,2
T02993,2026-05-25,Regular,Biscuits|Bread|Coffee|Eggs|Milk,5
T02994,2026-06-26,Premium,Butter|Cereal|Milk|Tomato Sauce|Yogurt,5
T02995,2026-07-27,Value,Biscuits|Coffee|Milk,3
T02996,2026-08-28,Regular,Biscuits|Coffee|Tea,3
T02997,2026-09-01,Regular,Bread|Butter|Eggs|Milk,4
T02998,2026-10-02,Regular,Bread|Cheese|Pasta|Tomato Sauce,4
T02999,2026-11-03,Premium,Cereal|Chicken|Milk,3
T03000,2026-12-04,Value,Butter|Chicken|Coffee|Pasta|Tomato Sauce,5